<?xml version='1.0'?>
<home version='7400' exportFlags='17' name='casa.sh3d' camera='observerCamera' selectedLevel='level-233d4d24-2002-4af2-91ac-fbf311228b56' wallHeight='250.0'>
  <environment groundColor='00A8A8A8' skyColor='00CCE4FC' lightColor='00D0D0D0'/>
  <observerCamera attribute='observerCamera' lens='PINHOLE' x='1646.6428' y='1554.3804' z='734.0' yaw='-28.716963' pitch='0.12079715' fieldOfView='1.0995575' time='1766750400000' fixedSize='true'/>
  <camera attribute='topCamera' lens='PINHOLE' x='1245.7153' y='437.12665' z='1411.6919' yaw='-11.937907' pitch='1.3899999' fieldOfView='1.0995575' time='1766750400000'/>
  <level id='level-b9462cd9-2755-41cc-9dfd-78e4782cf170' name='Sotano' elevation='-280.0' floorThickness='12.0' height='260.0' elevationIndex='0'/>
  <level id='level-e354fa52-3de0-400f-9e5b-a5638ce2d2ea' name='Casa' elevation='282.0' floorThickness='12.0' height='270.0' elevationIndex='0'/>
  <level id='level-233d4d24-2002-4af2-91ac-fbf311228b56' name='terraza' elevation='564.0' floorThickness='12.0' height='270.0' elevationIndex='0'/>
  <level id='level-9dade3ab-c584-427a-90ac-4315215186ef' name='Roof-gen' elevation='580.0' floorThickness='12.0' height='1.0' elevationIndex='0' visible='false'/>
  <doorOrWindow level='level-e354fa52-3de0-400f-9e5b-a5638ce2d2ea' catalogId='eteks-door' name='Puerta' creator='eTeks' model='1/door/door.obj' x='893.9302' y='443.24402' angle='1.5707964' width='111.213486' depth='103.69402' height='208.5' modelSize='14086' movable='false' cutOutShape='M0,0 v1 h1 v-1 z' wallCutOutOnBothSides='true' wallWidth='0.8227419' wallLeft='0.17725812'>
    <texture name='Abedul' creator='Emmanuel Puybaret' catalogId='Puybaret#birch' width='40.0' height='80.0' image='2'/>
    <transformation name='sweethome3d_hinge_1' matrix='-0.20743941 0 -1.984211 -0.4397076 0 1 0 0 0.4822919 0 -0.20743941 0.232634'/>
  </doorOrWindow>
  <doorOrWindow level='level-e354fa52-3de0-400f-9e5b-a5638ce2d2ea' catalogId='eteks-door' name='Puerta' creator='eTeks' model='1/door/door.obj' x='893.2246' y='343.46542' angle='1.5707964' width='113.498' depth='103.41193' height='208.5' modelMirrored='true' modelSize='14086' movable='false' cutOutShape='M0,0 v1 h1 v-1 z' wallCutOutOnBothSides='true' wallWidth='0.8061816' wallLeft='0.19381833'>
    <texture name='Abedul' creator='Emmanuel Puybaret' catalogId='Puybaret#birch' width='40.0' height='80.0' image='2'/>
    <transformation name='sweethome3d_hinge_1' matrix='-0.23874323 0 -1.9696777 -0.45298767 0 1 0 0 0.47875938 0 -0.23874323 0.23207429'/>
  </doorOrWindow>
  <doorOrWindow level='level-e354fa52-3de0-400f-9e5b-a5638ce2d2ea' catalogId='eteks-door' name='Puerta' creator='eTeks' model='1/door/door.obj' x='966.26306' y='703.98254' angle='3.1415927' width='92.31804' depth='98.11996' height='208.5' modelMirrored='true' modelSize='14086' movable='false' cutOutShape='M0,0 v1 h1 v-1 z' wallCutOutOnBothSides='true' wallWidth='0.9911389' wallLeft='0.008861508'>
    <texture name='Abedul' creator='Emmanuel Puybaret' catalogId='Puybaret#birch' width='40.0' height='80.0' image='2'/>
    <transformation name='sweethome3d_hinge_1' matrix='0.022722496 0 -1.5208191 -0.35831773 0 1 0 0 0.65720093 0 0.022722496 0.297962'/>
  </doorOrWindow>
  <doorOrWindow level='level-e354fa52-3de0-400f-9e5b-a5638ce2d2ea' catalogId='eteks-door' name='Puerta' creator='eTeks' model='1/door/door.obj' x='1405.6553' y='1138.2737' angle='4.712389' width='104.84623' depth='104.030106' height='208.5' modelSize='14086' movable='false' cutOutShape='M0,0 v1 h1 v-1 z' wallCutOutOnBothSides='true' wallWidth='0.87270665' wallLeft='0.12729318'>
    <transformation name='sweethome3d_hinge_1' matrix='-0.11962041 0 -2.0137675 -0.40277162 0 1 0 0 0.48947605 0 -0.11962041 0.23308384'/>
  </doorOrWindow>
  <doorOrWindow level='level-e354fa52-3de0-400f-9e5b-a5638ce2d2ea' catalogId='eteks-door' name='Puerta' creator='eTeks' model='1/door/door.obj' x='1085.5228' y='948.1363' angle='4.712389' width='113.23867' depth='103.4482' height='208.5' modelSize='14086' movable='false' cutOutShape='M0,0 v1 h1 v-1 z' wallCutOutOnBothSides='true' wallWidth='0.80802786' wallLeft='0.19197205'>
    <texture name='Abedul' creator='Emmanuel Puybaret' catalogId='Puybaret#birch' width='40.0' height='80.0' image='2'/>
    <transformation name='sweethome3d_hinge_1' matrix='-0.23520425 0 -1.9714286 -0.45148325 0 1 0 0 0.47918496 0 -0.23520425 0.23214835'/>
  </doorOrWindow>
  <doorOrWindow level='level-e354fa52-3de0-400f-9e5b-a5638ce2d2ea' catalogId='eteks-door' name='Puerta' creator='eTeks' model='1/door/door.obj' x='860.47986' y='937.666' angle='1.5707964' width='111.81377' depth='103.627426' height='208.5' modelSize='14086' movable='false' cutOutShape='M0,0 v1 h1 v-1 z' wallCutOutOnBothSides='true' wallWidth='0.818325' wallLeft='0.1816748'>
    <texture name='Abedul' creator='Emmanuel Puybaret' catalogId='Puybaret#birch' width='40.0' height='80.0' image='2'/>
    <transformation name='sweethome3d_hinge_1' matrix='-0.21577209 0 -1.9805516 -0.44323662 0 1 0 0 0.48140246 0 -0.21577209 0.23250592'/>
  </doorOrWindow>
  <doorOrWindow level='level-e354fa52-3de0-400f-9e5b-a5638ce2d2ea' catalogId='eteks-door' name='Puerta' creator='eTeks' model='1/door/door.obj' x='860.5612' y='838.744' angle='1.5707964' width='96.39818' depth='103.4648' height='208.5' modelMirrored='true' modelSize='14086' movable='false' cutOutShape='M0,0 v1 h1 v-1 z' wallCutOutOnBothSides='true' wallWidth='0.94918805' wallLeft='0.050812017'>
    <texture name='Abedul' creator='Emmanuel Puybaret' catalogId='Puybaret#birch' width='40.0' height='80.0' image='2'/>
    <transformation name='sweethome3d_hinge_1' matrix='-0.002066547 0 -2.0283272 -0.35404205 0 1 0 0 0.493015 0 -0.002066547 0.23118807'/>
  </doorOrWindow>
  <pieceOfFurniture level='level-e354fa52-3de0-400f-9e5b-a5638ce2d2ea' catalogId='LucaPresidente#doppio' name='Armario doble inferior' creator='LucaPresidente' model='4/doppio.obj' x='1704.4691' y='922.9636' angle='1.5707964' width='80.0' depth='63.4' height='88.5' modelSize='517832'/>
  <pieceOfFurniture level='level-e354fa52-3de0-400f-9e5b-a5638ce2d2ea' catalogId='LucaPresidente#pensileAngolo' name='Armario esquina superior' creator='LucaPresidente' model='6/pensileAngolo.obj' x='1703.6691' y='1136.3635' elevation='160.0' angle='1.5707964' width='100.0' depth='65.0' height='60.0' modelSize='273540'/>
  <pieceOfFurniture level='level-e354fa52-3de0-400f-9e5b-a5638ce2d2ea' catalogId='LucaPresidente#singolo' name='Armario inferior' creator='LucaPresidente' model='8/singolo.obj' x='1704.4691' y='782.9636' angle='1.5707964' width='60.0' depth='63.4' height='88.5' modelSize='273103'/>
  <pieceOfFurniture level='level-e354fa52-3de0-400f-9e5b-a5638ce2d2ea' catalogId='LucaPresidente#pensileDoppio' name='Armario superior' creator='LucaPresidente' model='10/pensileDoppio.obj' x='1521.5175' y='1165.4885' elevation='150.0' angle='3.1415927' width='100.0' depth='41.75' height='75.0' modelSize='504301'/>
  <pieceOfFurniture level='level-e354fa52-3de0-400f-9e5b-a5638ce2d2ea' catalogId='Blend Swap CC-0#rangeHood' name='Campana extractora' creator='Doniypolo' model='12/rangeHood.obj' x='1715.1691' y='1003.2453' elevation='170.0' angle='1.5707964' width='100.0' depth='42.0' height='42.600002' modelSize='200166'/>
  <pieceOfFurniture level='level-e354fa52-3de0-400f-9e5b-a5638ce2d2ea' catalogId='LucaPresidente#cucina' name='Cocina' creator='LucaPresidente' model='14/cucina.obj' x='1703.1691' y='1002.9636' angle='1.5707964' width='80.0' depth='66.0' height='91.5' modelSize='870703'/>
  <pieceOfFurniture level='level-e354fa52-3de0-400f-9e5b-a5638ce2d2ea' catalogId='Scopia#chest-freezer' name='Congelador' creator='Scopia' model='16/chest-freezer.obj' x='1305.3359' y='1039.1594' width='100.0' depth='60.8' height='61.600002' modelSize='17741'/>
  <pieceOfFurniture level='level-e354fa52-3de0-400f-9e5b-a5638ce2d2ea' catalogId='LucaPresidente#mobilettoGrande' name='Despensa grande' creator='LucaPresidente' model='18/mobilettoGrande.obj' x='1403.0359' y='1004.87225' angle='4.712389' width='80.0' depth='63.4' height='200.0' modelSize='981347'/>
  <pieceOfFurniture level='level-e354fa52-3de0-400f-9e5b-a5638ce2d2ea' catalogId='Scopia#clothes_washing_machine' name='Lavadora' creator='Scopia' model='20/clothes_washing_machine.obj' x='1225.8359' y='1038.8094' angle='1.7484555E-7' width='59.0' depth='60.100002' height='84.200005' modelSize='94793'/>
  <pieceOfFurniture level='level-e354fa52-3de0-400f-9e5b-a5638ce2d2ea' catalogId='LucaPresidente#lavastoviglie' name='LavaVajillas' creator='LucaPresidente' model='22/lavastoviglie.obj' x='1506.1691' y='1155.0635' angle='3.1415927' width='60.0' depth='62.600002' height='88.5' modelSize='180918'/>
  <pieceOfFurniture level='level-e354fa52-3de0-400f-9e5b-a5638ce2d2ea' catalogId='LucaPresidente#lavello' name='Mueble con fregadero' creator='LucaPresidente' model='24/lavello.obj' x='1576.1691' y='1154.6636' angle='3.1415927' width='80.0' depth='63.4' height='108.0' modelSize='970849'/>
  <pieceOfFurniture level='level-e354fa52-3de0-400f-9e5b-a5638ce2d2ea' catalogId='Blend Swap CC-0#largeFridge' name='Nevera grande' creator='Vladoffsky' model='26/largeFridge.obj' x='1411.636' y='918.62225' angle='4.712389' width='92.5' depth='80.6' height='200.0' modelSize='156890'/>
  <pieceOfFurniture level='level-e354fa52-3de0-400f-9e5b-a5638ce2d2ea' catalogId='LucaPresidente#doppio' name='Armario doble inferior' creator='LucaPresidente' model='4/doppio.obj' x='1704.4691' y='842.9636' angle='1.5707964' width='80.0' depth='63.4' height='88.5' modelSize='517832'/>
  <pieceOfFurniture level='level-e354fa52-3de0-400f-9e5b-a5638ce2d2ea' catalogId='LucaPresidente#doppio' name='Armario doble inferior' creator='LucaPresidente' model='4/doppio.obj' x='1704.4691' y='1082.9636' angle='1.5707964' width='80.0' depth='63.4' height='88.5' modelSize='517832'/>
  <doorOrWindow level='level-e354fa52-3de0-400f-9e5b-a5638ce2d2ea' catalogId='eTeks#doubleWindow126x163' name='Ventana doble' creator='eTeks' model='28' x='1741.2891' y='595.18805' elevation='70.0' angle='1.5707964' width='132.0' depth='21.76075' height='174.0' modelSize='13650' movable='false' cutOutShape='M0,0 v1 h1 v-1 z' wallCutOutOnBothSides='true'/>
  <doorOrWindow level='level-e354fa52-3de0-400f-9e5b-a5638ce2d2ea' catalogId='eTeks#doubleWindow126x163' name='Ventana doble' creator='eTeks' model='28' x='1741.2891' y='234.8789' elevation='47.0' angle='1.5707964' width='132.0' depth='21.76075' height='174.0' modelSize='13650' movable='false' cutOutShape='M0,0 v1 h1 v-1 z' wallCutOutOnBothSides='true'/>
  <pieceOfFurniture level='level-e354fa52-3de0-400f-9e5b-a5638ce2d2ea' catalogId='Blend Swap CC-BY#tvStand' name='Mesa TV' creator='Leximumxii' model='30/tvStand.obj' x='1668.9465' y='99.739235' angle='1.0471976' width='135.1' depth='46.5' height='52.600002' modelSize='40159'/>
  <pieceOfFurniture level='level-e354fa52-3de0-400f-9e5b-a5638ce2d2ea' catalogId='Bettinelli#AtorArriere' name='Chimenea' creator='Gaël Bettinelli' model='32/AtorArriere.obj' x='1700.7927' y='344.55435' angle='1.5707964' width='60.2' depth='56.100002' height='117.200005' modelSize='123326' movable='false'/>
  <pieceOfFurniture level='level-e354fa52-3de0-400f-9e5b-a5638ce2d2ea' catalogId='Puybaret#LakeMoraineFrame' name='Cuadro del lago Moraine' creator='Emmanuel Puybaret' model='34/LakeMoraineFrame.obj' x='1735.369' y='412.91324' elevation='150.0' angle='1.5707964' width='73.5' depth='1.6' height='47.9' modelSize='38727'/>
  <shelfUnit level='level-e354fa52-3de0-400f-9e5b-a5638ce2d2ea' catalogId='Scopia#saloon_table' name='Mesa de café' creator='Scopia' model='36/saloon_table.obj' x='1582.41' y='180.30551' angle='1.3089969' width='143.90001' depth='64.1' height='51.100002' modelRotation='0 0 -1 0 1 0 1 0 0' modelSize='132189'/>
  <shelfUnit level='level-e354fa52-3de0-400f-9e5b-a5638ce2d2ea' catalogId='Artist373#shelves' name='Estanteria cubos' creator='Pencilart' model='38' x='1225.273' y='699.8635' width='240.0' depth='79.0' height='220.0' modelSize='22004'/>
  <shelfUnit level='level-e354fa52-3de0-400f-9e5b-a5638ce2d2ea' catalogId='eTeks#filledBookcase' name='Estantería' creator='eTeks' model='40' x='612.51855' y='34.863533' width='85.0' depth='35.0' height='180.0' modelSize='50961'/>
  <shelfUnit level='level-e354fa52-3de0-400f-9e5b-a5638ce2d2ea' catalogId='Blend Swap CC-0#L_shaped_sofa' name='Chaise longue' creator='Nhumrod' model='42/L_shaped_sofa.obj' x='1545.7012' y='411.06262' angle='3.1415927' width='233.7' depth='143.6' height='80.0' modelSize='1398748'/>
  <pieceOfFurniture level='level-e354fa52-3de0-400f-9e5b-a5638ce2d2ea' catalogId='Jabberwalky#curvedTVForTable' name='Televisión curva' creator='Jabberwalky' model='44/curvedTVForTable.obj' x='1674.0365' y='95.771' elevation='52.600002' angle='1.0471976' width='126.3' depth='18.1' height='79.9' modelSize='9687'/>
  <doorOrWindow level='level-e354fa52-3de0-400f-9e5b-a5638ce2d2ea' catalogId='Scopia#window_2x1_with_sliders' name='Balconera corredera' creator='Scopia' model='46/window_2x1_with_sliders.obj' x='1324.1038' y='9.363533' elevation='11.0' angle='3.1415927' width='188.0' depth='16.00075' height='218.0' modelSize='18174' movable='false' cutOutShape='M0,0 v1 h1 v-1 z' wallCutOutOnBothSides='true'/>
  <doorOrWindow level='level-e354fa52-3de0-400f-9e5b-a5638ce2d2ea' catalogId='OlaKristianHoff#window_shop' name='Cristalera' creator='Ola-Kristian Hoff' model='48/window_shop.obj' x='1568.1038' y='9.363533' elevation='35.0' angle='3.1415927' width='300.0' depth='16.00075' height='200.0' modelSize='3355' movable='false' cutOutShape='M0,0 v1 h1 v-1 z' wallCutOutOnBothSides='true'/>
  <pieceOfFurniture level='level-e354fa52-3de0-400f-9e5b-a5638ce2d2ea' catalogId='Blend Swap CC-0#plant' name='Planta' creator='Ndakasha' model='50/plant.obj' x='1695.9087' y='204.86023' angle='1.5707964' width='81.8' depth='69.0' height='117.1' modelSize='598218'/>
  <doorOrWindow level='level-e354fa52-3de0-400f-9e5b-a5638ce2d2ea' catalogId='eTeks#doubleWindow126x163' name='Ventana doble' creator='eTeks' model='28' x='545.70526' y='218.3565' elevation='80.0' angle='4.712389' width='305.43475' depth='101.07431' height='150.0' modelSize='13650' movable='false' cutOutShape='M0,0 v1 h1 v-1 z' wallCutOutOnBothSides='true' wallWidth='0.65480435' wallLeft='0.21005845'>
    <transformation name='sweethome3d_hinge_2' matrix='-0.49490714 0 0.3575283 1.2443041 0 1 0 0 -2.1119082 0 -0.49490714 1.7628722'/>
    <transformation name='sweethome3d_hinge_1' matrix='-0.7036683 0 -0.29234743 -0.71998894 0 1 0 0 1.7268867 0 -0.7036683 0.7348013'/>
  </doorOrWindow>
  <doorOrWindow level='level-e354fa52-3de0-400f-9e5b-a5638ce2d2ea' catalogId='eTeks#doubleWindow126x163' name='Ventana doble' creator='eTeks' model='28' x='755.66113' y='12.243533' elevation='47.0' width='132.0' depth='21.76075' height='174.0' modelSize='13650' movable='false' cutOutShape='M0,0 v1 h1 v-1 z' wallCutOutOnBothSides='true'/>
  <pieceOfFurniture level='level-e354fa52-3de0-400f-9e5b-a5638ce2d2ea' catalogId='LucaPresidente#lettoCiliegio' name='Cama cereza' creator='LucaPresidente' model='52/lettoCiliegio.obj' x='615.42944' y='203.50613' angle='4.712389' width='184.0' depth='197.0' height='65.0' modelSize='100203'/>
  <pieceOfFurniture level='level-e354fa52-3de0-400f-9e5b-a5638ce2d2ea' catalogId='Maui#bathroomFurniture' name='Armario' creator='Maui' model='54/bathroomFurniture.obj' x='756.47534' y='428.60144' elevation='33.0' width='119.0' depth='50.9' height='131.1' modelSize='1263450' movable='false'/>
  <pieceOfFurniture level='level-e354fa52-3de0-400f-9e5b-a5638ce2d2ea' catalogId='Blend Swap CC-BY#bath_jay_hardy' name='Bañera' creator='Jay-Artist' model='56/bath_jay_hardy.obj' x='547.21906' y='494.2014' angle='4.712389' width='180.1' depth='70.1' height='65.1' modelSize='1469878' movable='false'/>
  <pieceOfFurniture level='level-e354fa52-3de0-400f-9e5b-a5638ce2d2ea' catalogId='OlaKristianHoff#bath_L' name='Bañera con mampara de vidrio' creator='Ola-Kristian Hoff' model='58/bath_L.obj' x='1312.8359' y='907.75946' angle='1.5707964' width='170.0' depth='85.0' height='186.0' modelSize='12552'/>
  <pieceOfFurniture level='level-e354fa52-3de0-400f-9e5b-a5638ce2d2ea' catalogId='LucaPresidente#bidet' name='Bidé' creator='LucaPresidente' model='60/bidet.obj' x='813.0647' y='558.0631' angle='3.1415927' width='36.0' depth='55.7' height='54.3' modelSize='812948'/>
  <pieceOfFurniture level='level-e354fa52-3de0-400f-9e5b-a5638ce2d2ea' catalogId='Blend Swap CC-BY#toilets_unit_jay_hardy' name='Inodoro' creator='Jay-Artist' model='62/toilets_unit_jay_hardy.obj' x='676.96313' y='558.7131' angle='3.1415927' width='41.3' depth='54.4' height='76.6' modelSize='703662' movable='false'/>
  <pieceOfFurniture level='level-e354fa52-3de0-400f-9e5b-a5638ce2d2ea' catalogId='Scopia#bathroom_vanity' name='Lavabo' creator='Scopia' model='64/bathroom_vanity.obj' x='1185.9899' y='775.6135' width='107.1' depth='38.5' height='207.8' modelSize='906154' movable='false'/>
  <pieceOfFurniture level='level-e354fa52-3de0-400f-9e5b-a5638ce2d2ea' catalogId='Blend Swap CC-BY#modernToilet' name='Taza de vater' creator='Starapple' model='66/modernToilet.obj' x='1191.9556' y='950.25946' angle='3.1415927' width='44.8' depth='85.0' height='76.5' modelSize='416506' movable='false'/>
  <shelfUnit level='level-e354fa52-3de0-400f-9e5b-a5638ce2d2ea' catalogId='Pencilart#towelMedicineCabinet' name='Toallero y botiquín' creator='Pencilart' model='68/towelMedicineCabinet.obj' x='1087.6945' y='787.06354' width='62.2' depth='61.4' height='144.8' modelSize='27413'/>
  <pieceOfFurniture level='level-e354fa52-3de0-400f-9e5b-a5638ce2d2ea' catalogId='OlaKristianHoff#staircase_180_landing' name='Escalera de ida y vuelta' creator='Ola-Kristian Hoff' model='70/staircase_180_landing.obj' x='1074.2349' y='118.863525' angle='4.712389' width='195.0' depth='260.0' height='378.0' modelMirrored='true' modelSize='126177' movable='false' staircaseCutOutShape='M0,0 v0.9 h0.5 v0.1 h0.5 v-1 z'/>
  <light level='level-e354fa52-3de0-400f-9e5b-a5638ce2d2ea' catalogId='Scopia#ceiling-lamp' name='Lámpara de techo' creator='Scopia' model='72/ceiling-lamp.obj' x='1458.8894' y='192.669' elevation='244.6' width='30.0' depth='30.0' height='5.4' modelSize='96982'/>
  <light level='level-e354fa52-3de0-400f-9e5b-a5638ce2d2ea' catalogId='Scopia#ceiling-lamp' name='Lámpara de techo' creator='Scopia' model='72/ceiling-lamp.obj' x='1462.7522' y='507.9814' elevation='244.6' width='30.0' depth='30.0' height='5.4' modelSize='96982'/>
  <light level='level-e354fa52-3de0-400f-9e5b-a5638ce2d2ea' catalogId='eTeks#pendantLamp' name='Lámpara de techo' creator='eTeks' model='74' x='1554.5758' y='967.73517' elevation='170.0' width='60.0' depth='60.0' height='80.0' modelSize='15723'/>
  <pieceOfFurniture level='level-e354fa52-3de0-400f-9e5b-a5638ce2d2ea' catalogId='ArturoMatheus#guacal' name='Caja' creator='Arturo Matheus' model='76/guacal.obj' x='1706.7783' y='790.5003' elevation='88.5' angle='1.5707964' width='59.100002' depth='39.8' height='19.7' modelSize='4488'/>
  <pieceOfFurniture level='level-e354fa52-3de0-400f-9e5b-a5638ce2d2ea' catalogId='OlaKristianHoff#plastic_storage_box' name='Caja de almacenaje de plástico' creator='Ola-Kristian Hoff' model='78/plastic_storage_box.obj' x='1714.3297' y='1157.3635' elevation='78.0' angle='1.5707964' width='58.0' depth='41.0' height='19.5' modelSize='26950'/>
  <doorOrWindow level='level-e354fa52-3de0-400f-9e5b-a5638ce2d2ea' catalogId='OlaKristianHoff#window_2x3_frame_sill' name='Ventana con 2x3 paneles' creator='Ola-Kristian Hoff' model='80/window_2x3_frame_sill.obj' x='1742.3628' y='786.61127' elevation='111.0' angle='1.5707964' width='56.0' depth='36.129784' height='110.0' modelSize='13771' movable='false' cutOutShape='M0,0 v1 h1 v-1 z' wallCutOutOnBothSides='true'/>
  <doorOrWindow level='level-e354fa52-3de0-400f-9e5b-a5638ce2d2ea' catalogId='eTeks#doubleHungWindow80x122' name='Ventana de guillotina' creator='eTeks' model='82' x='1607.0327' y='1195.0035' elevation='126.5' angle='1.7484555E-7' width='64.0' depth='13.653931' height='101.13582' modelSize='3457' movable='false' cutOutShape='M0,0 v1 h1 v-1 z' wallCutOutOnBothSides='true'/>
  <pieceOfFurniture level='level-e354fa52-3de0-400f-9e5b-a5638ce2d2ea' catalogId='Blend Swap CC-0#plant' name='Planta' creator='Ndakasha' model='50/plant.obj' x='1683.7565' y='-39.536835' angle='1.5707964' width='81.8' depth='69.0' height='117.1' modelSize='598218'/>
  <shelfUnit level='level-e354fa52-3de0-400f-9e5b-a5638ce2d2ea' catalogId='Blend Swap CC-0#L_shaped_sofa' name='Chaise longue' creator='Nhumrod' model='42/L_shaped_sofa.obj' x='1489.8562' y='134.21391' angle='4.712389' width='233.7' depth='143.6' height='80.0' modelSize='1398748'/>
  <pieceOfFurniture level='level-e354fa52-3de0-400f-9e5b-a5638ce2d2ea' catalogId='LucaPresidente#sgabello' name='Taburete alto' creator='LucaPresidente' model='84/sgabello.obj' x='1563.2158' y='714.13794' width='32.0' depth='36.0' height='85.0' modelRotation='0 0 -1 0 1 0 1 0 0' modelSize='115864'/>
  <pieceOfFurniture level='level-e354fa52-3de0-400f-9e5b-a5638ce2d2ea' catalogId='LucaPresidente#sgabello' name='Taburete alto' creator='LucaPresidente' model='84/sgabello.obj' x='1654.8013' y='725.72974' width='32.0' depth='36.0' height='85.0' modelRotation='0 0 -1 0 1 0 1 0 0' modelSize='115864'/>
  <pieceOfFurniture level='level-e354fa52-3de0-400f-9e5b-a5638ce2d2ea' catalogId='LucaPresidente#sgabello' name='Taburete alto' creator='LucaPresidente' model='84/sgabello.obj' x='1607.9165' y='708.9568' width='32.0' depth='36.0' height='85.0' modelRotation='0 0 -1 0 1 0 1 0 0' modelSize='115864'/>
  <pieceOfFurniture level='level-e354fa52-3de0-400f-9e5b-a5638ce2d2ea' catalogId='LucaPresidente#sgabello' name='Taburete alto' creator='LucaPresidente' model='84/sgabello.obj' x='1519.5162' y='766.4823' angle='4.9741883' width='32.0' depth='36.0' height='85.0' modelRotation='0 0 -1 0 1 0 1 0 0' modelSize='115864'/>
  <pieceOfFurniture level='level-e354fa52-3de0-400f-9e5b-a5638ce2d2ea' catalogId='LucaPresidente#cassettiera' name='Cajonera' creator='LucaPresidente' model='86/cassettiera.obj' x='1636.1691' y='1154.6636' angle='3.1415927' width='40.0' depth='63.4' height='88.5' modelSize='952701'/>
  <pieceOfFurniture level='level-e354fa52-3de0-400f-9e5b-a5638ce2d2ea' catalogId='LucaPresidente#doppio' name='Armario doble inferior' creator='LucaPresidente' model='4/doppio.obj' x='1696.1691' y='1154.6636' angle='3.1415927' width='80.0' depth='63.4' height='88.5' modelSize='517832'/>
  <pieceOfFurniture level='level-e354fa52-3de0-400f-9e5b-a5638ce2d2ea' catalogId='OlaKristianHoff#window_flat_roof_skylight_bubble' name='Claraboya de techo' creator='Ola-Kristian Hoff' model='88/window_flat_roof_skylight_bubble.obj' x='1579.772' y='165.2937' elevation='268.0' width='100.0' depth='100.0' height='45.0' modelSize='7797' movable='false' staircaseCutOutShape='M0,0 v1 h1 v-1 z'/>
  <doorOrWindow level='level-e354fa52-3de0-400f-9e5b-a5638ce2d2ea' catalogId='eTeks#frontDoor' name='Puerta de Entrada' creator='eTeks' model='90' x='973.75995' y='1147.9253' angle='3.1415927' width='101.5' depth='108.87753' height='208.5' modelMirrored='true' modelSize='24179' movable='false' cutOutShape='M0,0 v1 h1 v-1 z' wallCutOutOnBothSides='true'>
    <texture name='Abedul' creator='Emmanuel Puybaret' catalogId='Puybaret#birch' width='40.0' height='80.0' image='2'/>
    <transformation name='sweethome3d_hinge_1' matrix='0.040707428 0 -0.88874555 -36.893997 0 1 0 0 1.1233169 0 0.040707428 48.90231'/>
  </doorOrWindow>
  <doorOrWindow level='level-e354fa52-3de0-400f-9e5b-a5638ce2d2ea' catalogId='eTeks#doubleWindow126x163' name='Ventana doble' creator='eTeks' model='28' x='506.04907' y='749.76294' elevation='80.0' angle='4.712389' width='200.0' depth='21.76075' height='170.0' modelSize='13650' movable='false' cutOutShape='M0,0 v1 h1 v-1 z' wallCutOutOnBothSides='true'/>
  <doorOrWindow level='level-e354fa52-3de0-400f-9e5b-a5638ce2d2ea' catalogId='eTeks#doubleWindow126x163' name='Ventana doble' creator='eTeks' model='28' x='506.04907' y='1047.6674' elevation='80.0' angle='4.712389' width='200.0' depth='21.76075' height='176.0' modelSize='13650' movable='false' cutOutShape='M0,0 v1 h1 v-1 z' wallCutOutOnBothSides='true'/>
  <pieceOfFurniture level='level-e354fa52-3de0-400f-9e5b-a5638ce2d2ea' catalogId='Scopia#mezzanine-bed' name='Combinación de cama alta con escritorio' creator='Scopia' model='92/mezzanine-bed.obj' x='761.1485' y='664.8131' angle='1.5707964' width='121.8' depth='259.0' height='192.6' modelSize='146788'/>
  <pieceOfFurniture level='level-e354fa52-3de0-400f-9e5b-a5638ce2d2ea' catalogId='LucaPresidente#letters' name='Cubos de letras' creator='LucaPresidente' model='94/letters.obj' x='679.6244' y='742.4701' width='40.100002' depth='12.7' height='18.0' modelRotation='1 0 0 0 0 1 0 -1 0' modelSize='386944'/>
  <pieceOfFurniture level='level-e354fa52-3de0-400f-9e5b-a5638ce2d2ea' catalogId='LucaPresidente#comodinoAzzurro' name='Mesita de noche azul' creator='LucaPresidente' model='96/comodinoAzzurro.obj' x='581.6938' y='864.5048' angle='3.1415927' width='50.0' depth='42.5' height='48.0' modelSize='69091'/>
  <pieceOfFurniture level='level-e354fa52-3de0-400f-9e5b-a5638ce2d2ea' catalogId='Blend Swap CC-0#cupboard' name='Armario' creator='Mahmood' model='98/cupboard.obj' x='749.23663' y='866.2548' angle='3.1415927' width='100.5' depth='39.0' height='150.0' modelSize='318858'/>
  <pieceOfFurniture level='level-e354fa52-3de0-400f-9e5b-a5638ce2d2ea' catalogId='LucaPresidente#comoCiliegio' name='Aparador cereza' creator='LucaPresidente' model='100/comoCiliegio.obj' x='632.0453' y='356.30255' angle='3.1415927' width='160.0' depth='60.0' height='70.0' modelRotation='0 0 -1 0 1 0 1 0 0' modelSize='44240'/>
  <pieceOfFurniture level='level-e354fa52-3de0-400f-9e5b-a5638ce2d2ea' catalogId='Bettinelli#clicClac' name='Sofá cama' creator='Gaël Bettinelli' model='102/clicClac.obj' x='802.61163' y='1139.7136' angle='3.1415927' width='182.0' depth='93.3' height='93.1' modelSize='57023'/>
  <pieceOfFurniture level='level-e354fa52-3de0-400f-9e5b-a5638ce2d2ea' catalogId='Blend Swap CC-BY#officeTable' name='Escritorio' creator='Nmn9' model='104/officeTable.obj' x='709.388' y='944.45483' width='189.2' depth='83.4' height='75.1' modelSize='202143'/>
  <shelfUnit level='level-e354fa52-3de0-400f-9e5b-a5638ce2d2ea' catalogId='LucaPresidente#angolo198W' name='Estantería en esquina 198' creator='LucaPresidente' model='106/angolo198W.obj' x='539.42944' y='925.2548' width='45.0' depth='45.0' height='198.0' modelSize='50455'/>
  <pieceOfFurniture level='level-e354fa52-3de0-400f-9e5b-a5638ce2d2ea' catalogId='Sleipnir1#portable' name='Portatil' creator='Sleipnir1' model='108' x='707.2469' y='936.42175' elevation='75.1' width='30.0' depth='25.300001' height='19.2' modelSize='1905344'/>
  <pieceOfFurniture level='level-e354fa52-3de0-400f-9e5b-a5638ce2d2ea' catalogId='Blend Swap CC-0#dustbin' name='Papelera' creator='Ndakasha' model='110/dustbin.obj' x='658.7126' y='940.26306' elevation='75.1' width='23.300001' depth='23.300001' height='35.0' modelSize='98451'/>
  <pieceOfFurniture level='level-e354fa52-3de0-400f-9e5b-a5638ce2d2ea' catalogId='PeterSmolik#officeChair3' name='Silla de oficina' creator='Peter Smolik' model='112/officeChair3.obj' x='715.3457' y='990.6765' angle='3.1415927' width='55.9' depth='56.4' height='107.0' modelSize='448819'/>
  <pieceOfFurniture level='level-e354fa52-3de0-400f-9e5b-a5638ce2d2ea' catalogId='LucaPresidente#mobile90160W' name='Armario 90x160' creator='LucaPresidente' model='114/mobile90160W.obj' x='666.61163' y='1162.0137' angle='3.1415927' width='90.0' depth='48.7' height='220.0' modelSize='163117'/>
  <pieceOfFurniture level='level-e354fa52-3de0-400f-9e5b-a5638ce2d2ea' catalogId='OlaKristianHoff#office_desk' name='Mesa de escritorio' creator='Ola-Kristian Hoff' model='116/office_desk.obj' x='551.16907' y='1102.2092' angle='4.712389' width='160.0' depth='80.0' height='72.0' modelSize='6202'/>
  <pieceOfFurniture level='level-e354fa52-3de0-400f-9e5b-a5638ce2d2ea' catalogId='PeterSmolik#officeChair' name='Silla de oficina' creator='Peter Smolik' model='118/officeChair.obj' x='590.3583' y='1103.6836' angle='1.5707964' width='62.600002' depth='59.7' height='87.3' modelSize='219916'/>
  <pieceOfFurniture level='level-e354fa52-3de0-400f-9e5b-a5638ce2d2ea' catalogId='Blend Swap CC-BY#bulldog' name='Bulldog' creator='Priide' model='120/bulldog.obj' x='1581.4467' y='305.6892' angle='1.5707964' width='38.8' depth='64.5' height='47.4' modelSize='939140'/>
  <pieceOfFurniture level='level-e354fa52-3de0-400f-9e5b-a5638ce2d2ea' catalogId='Scopia#dog' name='Perro' creator='Scopia' model='122/dog.obj' x='1573.4418' y='-40.136467' angle='3.1415927' width='35.7' depth='83.0' height='75.0' modelSize='175862'/>
  <pieceOfFurniture level='level-e354fa52-3de0-400f-9e5b-a5638ce2d2ea' catalogId='Scopia#mannequinBrunette' name='Maniquí mujer' creator='Scopia' model='124/mannequinBrunette.obj' x='1433.1511' y='280.38425' angle='4.9741883' width='58.5' depth='26.800001' height='175.0' modelSize='1116061'/>
  <pieceOfFurniture level='level-e354fa52-3de0-400f-9e5b-a5638ce2d2ea' catalogId='Puybaret#frame3HorizontalNorwayPhotos' name='Cuadro vertical de 3 imágenes' creator='Emmanuel Puybaret' model='126/frame3HorizontalNorwayPhotos.obj' x='912.09796' y='1042.9778' elevation='147.8' angle='4.712389' width='25.4' depth='3.0' height='52.5' modelSize='80320'/>
  <pieceOfFurniture level='level-e354fa52-3de0-400f-9e5b-a5638ce2d2ea' catalogId='Puybaret#frame3HorizontalMomijiPhotos' name='Cuadro vertical de 3 imágenes' creator='Emmanuel Puybaret' model='128/frame3HorizontalMomijiPhotos.obj' x='912.09796' y='1089.7759' elevation='147.8' angle='4.712389' width='25.4' depth='3.0' height='52.5' modelSize='83022'/>
  <pieceOfFurniture level='level-e354fa52-3de0-400f-9e5b-a5638ce2d2ea' catalogId='Puybaret#VeniceFrame' name='Cuadro Venecia' creator='Emmanuel Puybaret' model='130/VeniceFrame.obj' x='944.8812' y='553.5679' elevation='150.0' angle='4.712389' width='73.5' depth='1.6' height='47.9' modelSize='23548'/>
  <pieceOfFurniture level='level-e354fa52-3de0-400f-9e5b-a5638ce2d2ea' catalogId='Puybaret#InariFrame' name='Cuadro Inari' creator='Emmanuel Puybaret' model='132/InariFrame.obj' x='851.8001' y='403.95142' elevation='150.0' angle='7.640303E-8' width='48.0' depth='1.6' height='67.9' modelSize='25150'/>
  <pieceOfFurniture level='level-e354fa52-3de0-400f-9e5b-a5638ce2d2ea' catalogId='Blend Swap CC-BY#wardrobe2' name='Armario' creator='Richu' model='134/wardrobe2.obj' x='896.2349' y='108.41235' angle='1.5707964' width='173.5' depth='60.0' height='208.0' modelSize='27360'>
    <texture name='Madera clara' creator='Emmanuel Puybaret' catalogId='Puybaret#bleachedWood' width='40.0' height='80.0' image='135'/>
  </pieceOfFurniture>
  <pieceOfFurniture level='level-e354fa52-3de0-400f-9e5b-a5638ce2d2ea' catalogId='LucaPresidente#credenza' name='Aparador' creator='LucaPresidente' model='137/credenza.obj' x='1078.8651' y='241.36353' width='166.0' depth='50.0' height='78.0' modelSize='441669'/>
  <pieceOfFurniture level='level-b9462cd9-2755-41cc-9dfd-78e4782cf170' catalogId='OlaKristianHoff#staircase_180_landing' name='Escalera de ida y vuelta' creator='Ola-Kristian Hoff' model='70/staircase_180_landing.obj' x='1060.9065' y='115.86353' angle='4.712389' width='195.0' depth='260.0' height='390.0' modelMirrored='true' modelSize='126177' movable='false' staircaseCutOutShape='M0,0 v0.9 h0.5 v0.1 h0.5 v-1 z'/>
  <pieceOfFurniture level='level-e354fa52-3de0-400f-9e5b-a5638ce2d2ea' catalogId='OlaKristianHoff#staircase_handrail_hor' name='Barandilla' creator='Ola-Kristian Hoff' model='139/staircase_handrail_hor.obj' x='991.2349' y='214.86353' angle='3.1415927' width='94.0' depth='3.0' height='87.8' modelSize='31473' movable='false'/>
  <pieceOfFurniture level='level-e354fa52-3de0-400f-9e5b-a5638ce2d2ea' catalogId='OlaKristianHoff#staircase_handrail_hor' name='Barandilla' creator='Ola-Kristian Hoff' model='139/staircase_handrail_hor.obj' x='1083.4967' y='214.86353' angle='3.1415927' width='94.0' depth='3.0' height='87.8' modelSize='31473' movable='false'/>
  <pieceOfFurniture level='level-e354fa52-3de0-400f-9e5b-a5638ce2d2ea' catalogId='OlaKristianHoff#staircase_handrail_hor' name='Barandilla' creator='Ola-Kristian Hoff' model='139/staircase_handrail_hor.obj' x='1165.2534' y='214.86353' angle='3.1415927' width='94.0' depth='3.0' height='87.8' modelSize='31473' movable='false'/>
  <pieceOfFurniture level='level-e354fa52-3de0-400f-9e5b-a5638ce2d2ea' catalogId='Scopia#round-carpet' name='Alfombra redonda' creator='Scopia' model='141/round-carpet.obj' x='1607.1453' y='305.93457' width='80.0' depth='80.0' height='0.5' modelSize='166263'/>
  <pieceOfFurniture level='level-e354fa52-3de0-400f-9e5b-a5638ce2d2ea' catalogId='eTeks#roundTable' name='Mesa redonda' creator='eTeks' model='143' x='1214.9524' y='456.17102' width='126.0' depth='126.0' height='74.0' modelSize='8110'/>
  <pieceOfFurniture level='level-e354fa52-3de0-400f-9e5b-a5638ce2d2ea' catalogId='Scopia#white_kitchen_chair' name='Silla' creator='Scopia' model='145/white_kitchen_chair.obj' x='1215.8336' y='400.59222' width='42.7' depth='46.9' height='86.0' modelSize='244041'/>
  <pieceOfFurniture level='level-e354fa52-3de0-400f-9e5b-a5638ce2d2ea' catalogId='Scopia#white_kitchen_chair' name='Silla' creator='Scopia' model='145/white_kitchen_chair.obj' x='1268.8553' y='455.16254' angle='1.5707964' width='42.7' depth='46.9' height='86.0' modelSize='244041'/>
  <pieceOfFurniture level='level-e354fa52-3de0-400f-9e5b-a5638ce2d2ea' catalogId='Scopia#white_kitchen_chair' name='Silla' creator='Scopia' model='145/white_kitchen_chair.obj' x='1168.661' y='459.15118' angle='4.712389' width='42.7' depth='46.9' height='86.0' modelSize='244041'/>
  <pieceOfFurniture level='level-e354fa52-3de0-400f-9e5b-a5638ce2d2ea' catalogId='Scopia#white_kitchen_chair' name='Silla' creator='Scopia' model='145/white_kitchen_chair.obj' x='1226.4518' y='509.49554' angle='3.1415927' width='42.7' depth='46.9' height='86.0' modelSize='244041'/>
  <pieceOfFurniture level='level-e354fa52-3de0-400f-9e5b-a5638ce2d2ea' catalogId='Scopia#waitress-table-on-wheels' name='Camarera con ruedas' creator='Scopia' model='147/waitress-table-on-wheels.obj' x='1392.136' y='822.58636' angle='4.712389' width='83.5' depth='41.600002' height='89.6' modelSize='155164'/>
  <shelfUnit level='level-e354fa52-3de0-400f-9e5b-a5638ce2d2ea' catalogId='Blend Swap CC-0#islandExtension' name='Extensión de encimera' creator='Vladoffsky' model='149/islandExtension.obj' x='1610.9191' y='788.799' angle='1.5707964' width='60.0' depth='123.700005' height='88.5' modelSize='107217'/>
  <pieceOfFurniture level='level-e354fa52-3de0-400f-9e5b-a5638ce2d2ea' catalogId='eTeks#oven' name='Horno' creator='eTeks' model='151' x='1712.269' y='893.2612' elevation='88.5' angle='1.5707964' width='51.5' depth='47.8' height='29.5' modelSize='30619'/>
  <pieceOfFurniture level='level-e354fa52-3de0-400f-9e5b-a5638ce2d2ea' catalogId='Blend Swap CC-BY#chessboard' name='Ajedrez' creator='Swapnilrocks98' model='153/chessboard.obj' x='1592.8599' y='223.34326' elevation='50.900005' width='30.0' depth='30.0' height='8.0' modelSize='3010640'/>
  <pieceOfFurniture level='level-e354fa52-3de0-400f-9e5b-a5638ce2d2ea' catalogId='OlaKristianHoff#birch' name='Abedul' creator='Ola-Kristian Hoff' model='155/birch.obj' x='1353.9587' y='-456.78687' angle='1.5707964' width='394.0' depth='375.0' height='750.0' modelSize='370241' movable='false'/>
  <pieceOfFurniture level='level-e354fa52-3de0-400f-9e5b-a5638ce2d2ea' catalogId='Scopia#bamboo' name='Bambú' creator='Scopia' model='157/bamboo.obj' x='936.7304' y='-490.67435' width='299.5' depth='277.7' height='500.0' modelSize='2231623' movable='false'/>
  <pieceOfFurniture level='level-e354fa52-3de0-400f-9e5b-a5638ce2d2ea' catalogId='Sophie#barbecue' name='Barbacoa' creator='Sophie' model='159/barbecue.obj' x='1510.3607' y='-209.0367' angle='1.0471976' width='39.2' depth='48.4' height='50.9' modelSize='122111'/>
  <pieceOfFurniture level='level-e354fa52-3de0-400f-9e5b-a5638ce2d2ea' catalogId='Pencilart#bench' name='Banco' creator='Pencilart' model='161/bench.obj' x='1727.8401' y='-151.43683' angle='1.5707964' width='142.0' depth='55.0' height='68.0' modelRotation='-1 0 0 0 1 0 0 0 -1' modelSize='38736'/>
  <pieceOfFurniture level='level-e354fa52-3de0-400f-9e5b-a5638ce2d2ea' catalogId='OlaKristianHoff#greenhouse' name='Invernadero' creator='Ola-Kristian Hoff' model='163/greenhouse.obj' x='1603.0078' y='-419.47308' width='310.0' depth='310.0' height='290.0' modelSize='278837'/>
  <pieceOfFurniture level='level-e354fa52-3de0-400f-9e5b-a5638ce2d2ea' catalogId='Blend Swap CC-0#plantie' name='Macetero' creator='Rendars' model='165/plantie.obj' x='1482.4568' y='-250.62308' width='68.9' depth='27.7' height='37.3' modelSize='538215'/>
  <pieceOfFurniture level='level-e354fa52-3de0-400f-9e5b-a5638ce2d2ea' catalogId='Scopia#rattanTable' name='Mesa de rattán' creator='Scopia' model='167/rattanTable.obj' x='1591.8696' y='-135.81848' width='120.0' depth='60.0' height='40.0' modelSize='58996'/>
  <pieceOfFurniture level='level-e354fa52-3de0-400f-9e5b-a5638ce2d2ea' catalogId='Scopia#rectangle-swimming-pool' name='Piscina inflable' creator='Scopia' model='169/rectangle-swimming-pool.obj' x='387.7791' y='-439.1552' width='500.0' depth='275.5' height='139.90001' modelSize='349718'/>
  <pieceOfFurniture level='level-e354fa52-3de0-400f-9e5b-a5638ce2d2ea' catalogId='Blend Swap CC-0#ceilingFan' name='Ventilador de techo' creator='PrinterKiller' model='171/ceilingFan.obj' x='661.61835' y='201.30661' elevation='210.8' width='91.3' depth='79.8' height='39.2' modelSize='444461'/>
  <pieceOfFurniture level='level-e354fa52-3de0-400f-9e5b-a5638ce2d2ea' catalogId='LucaPresidente#pensileDoppio' name='Armario superior' creator='LucaPresidente' model='10/pensileDoppio.obj' x='1715.269' y='882.9287' elevation='150.0' angle='1.5707964' width='100.0' depth='41.8' height='75.0' modelSize='504301'/>
  <pieceOfFurniture level='level-e354fa52-3de0-400f-9e5b-a5638ce2d2ea' catalogId='OlaKristianHoff#suits_racked' name='Trajes colgados' creator='Ola-Kristian Hoff' model='173/suits_racked.obj' x='1088.0726' y='1100.8645' elevation='62.0' angle='1.5707964' width='170.0' depth='60.0' height='166.0' modelRotation='0 0 -1 0 1 0 1 0 0' modelSize='178010'/>
  <shelfUnit level='level-e354fa52-3de0-400f-9e5b-a5638ce2d2ea' catalogId='LucaPresidente#mensolaCiliegio' name='Estante cereza' creator='LucaPresidente' model='175/mensolaCiliegio.obj' x='1108.0726' y='1097.0654' elevation='30.0' angle='1.5707964' width='170.0' depth='35.0' height='28.0' modelSize='29344'/>
  <doorOrWindow level='level-e354fa52-3de0-400f-9e5b-a5638ce2d2ea' catalogId='eTeks#doubleWindow126x163' name='Ventana doble' creator='eTeks' model='28' x='506.04907' y='494.6755' elevation='80.0' angle='4.712389' width='180.0' depth='21.76075' height='170.0' modelSize='13650' movable='false' cutOutShape='M0,0 v1 h1 v-1 z' wallCutOutOnBothSides='true'/>
  <pieceOfFurniture level='level-e354fa52-3de0-400f-9e5b-a5638ce2d2ea' catalogId='Scopia#mannequinMale' name='Maniquí hombre' creator='Scopia' model='177/mannequinMale.obj' x='1593.3368' y='-228.79803' width='71.3' depth='34.2' height='188.40001' modelSize='1045394'/>
  <pieceOfFurniture level='level-e354fa52-3de0-400f-9e5b-a5638ce2d2ea' catalogId='OlaKristianHoff#birch' name='Abedul' creator='Ola-Kristian Hoff' model='155/birch.obj' x='1910.2888' y='-788.6697' angle='1.5707964' width='394.0' depth='375.0' height='750.0' modelSize='370241' movable='false'/>
  <pieceOfFurniture level='level-e354fa52-3de0-400f-9e5b-a5638ce2d2ea' catalogId='Scopia#caravane' name='Caravana' creator='Scopia' model='179/caravane.obj' x='-6.1628113' y='830.751' width='211.90001' depth='547.0' height='236.3' modelSize='464293'/>
  <pieceOfFurniture level='level-e354fa52-3de0-400f-9e5b-a5638ce2d2ea' catalogId='Scopia#break' name='Familiar' creator='Scopia' model='181/break.obj' x='293.69412' y='1567.1212' width='200.40001' depth='457.30002' height='155.40001' modelSize='450829'/>
  <pieceOfFurniture level='level-e354fa52-3de0-400f-9e5b-a5638ce2d2ea' catalogId='Pastierovic#bike' name='Bicicleta' creator='Robert Pastierovic' model='183' x='459.56274' y='1082.0559' width='54.5' depth='159.1' height='94.200005' modelRotation='0 0 1 0 1 0 -1 0 0' modelSize='132573'/>
  <pieceOfFurniture level='level-e354fa52-3de0-400f-9e5b-a5638ce2d2ea' catalogId='Blend Swap CC-BY#bike' name='Bicicleta' creator='Rodrigoalves123' model='185/bike.obj' x='474.81906' y='944.3559' width='40.7' depth='116.3' height='76.5' modelSize='447993'/>
  <pieceOfFurniture level='level-e354fa52-3de0-400f-9e5b-a5638ce2d2ea' catalogId='Scopia#tricycle' name='Triciclo' creator='Scopia' model='187/tricycle.obj' x='451.0127' y='972.5059' width='37.4' depth='60.0' height='43.4' modelSize='195547'/>
  <pieceOfFurniture level='level-e354fa52-3de0-400f-9e5b-a5638ce2d2ea' catalogId='Scopia#monospace' name='Monovolumen' creator='Scopia' model='189/monospace.obj' x='-11.83445' y='1559.9279' width='212.7' depth='467.2' height='179.0' modelSize='345702'/>
  <doorOrWindow level='level-e354fa52-3de0-400f-9e5b-a5638ce2d2ea' catalogId='Scopia#garage-door2' name='Puerta de garage' creator='Scopia' model='191/garage-door2.obj' x='155.03659' y='1973.9119' angle='1.7484555E-7' width='441.2' depth='20.48075' height='216.7' modelSize='183415' movable='false' cutOutShape='M0,0 v1 h1 v-1 z' wallCutOutOnBothSides='true'/>
  <pieceOfFurniture level='level-e354fa52-3de0-400f-9e5b-a5638ce2d2ea' catalogId='Scopia#cat' name='Gato' creator='Scopia' model='193/cat.obj' x='198.87242' y='721.9946' width='22.9' depth='34.0' height='45.600002' modelSize='157755'/>
  <pieceOfFurniture level='level-e354fa52-3de0-400f-9e5b-a5638ce2d2ea' catalogId='Blend Swap CC-BY#siameseCat' name='Gato siamés' creator='Gwinna' model='195/siameseCat.obj' x='266.93234' y='818.5045' angle='2.3561945' width='13.3' depth='81.3' height='42.100002' modelSize='142081'/>
  <pieceOfFurniture level='level-9dade3ab-c584-427a-90ac-4315215186ef' name='Roof' creator='Ajvib' model='197/Roof.obj' x='713.6377' y='597.881' width='422.63696' depth='1186.4451' height='217.65004' modelMirrored='true'>
    <texture name='Pizarras azuladas redondeadas' creator='Emmanuel Puybaret' catalogId='Puybaret#roundBlueSlates' width='75.0' height='75.0' image='198'/>
  </pieceOfFurniture>
  <doorOrWindow level='level-233d4d24-2002-4af2-91ac-fbf311228b56' catalogId='Scopia#window_2x3_arched' name='Balconera doble en arco' creator='Scopia' model='200/window_2x3_arched.obj' x='1352.0144' y='119.4552' elevation='11.0' angle='1.5707964' width='108.5' depth='20.441565' height='226.0' modelSize='63286' movable='false' cutOutShape='M0,0.0352 a3.7,3.7 0 0,1 1,0 v0.9648 h-1 z' wallCutOutOnBothSides='true'/>
  <pieceOfFurniture level='level-233d4d24-2002-4af2-91ac-fbf311228b56' catalogId='Scopia#jacuzzi' name='Jacuzzi' creator='Scopia' model='202/jacuzzi.obj' x='1146.3832' y='327.36353' width='228.0' depth='228.0' height='94.8' modelSize='385128' movable='false'/>
  <pieceOfFurniture level='level-233d4d24-2002-4af2-91ac-fbf311228b56' catalogId='Pencilart#blackDeckTable' name='Mesa negra' creator='Pencilart' model='204/blackDeckTable.obj' x='1137.8766' y='749.2377' width='155.0' depth='156.6' height='72.0' modelSize='1762286'/>
  <pieceOfFurniture level='level-e354fa52-3de0-400f-9e5b-a5638ce2d2ea' catalogId='RogerLonqueux#portillon' name='Portón' creator='Roger Lonqueux' model='206' x='1000.2843' y='1982.9219' elevation='10.0' angle='1.7484555E-7' width='122.0' depth='6.5' height='110.0' modelSize='9457'/>
  <pieceOfFurniture level='level-233d4d24-2002-4af2-91ac-fbf311228b56' catalogId='Scopia#ext_chair' name='Silla' creator='Scopia' model='208/ext_chair.obj' x='979.1562' y='700.45184' angle='4.712389' width='100.0' depth='76.4' height='73.4' modelRotation='0 0 1 0 1 0 -1 0 0' modelSize='165694'/>
  <pieceOfFurniture level='level-233d4d24-2002-4af2-91ac-fbf311228b56' catalogId='Scopia#ext_chair' name='Silla' creator='Scopia' model='208/ext_chair.obj' x='979.1562' y='800.45184' angle='4.712389' width='100.0' depth='76.4' height='73.4' modelRotation='0 0 1 0 1 0 -1 0 0' modelSize='165694'/>
  <pieceOfFurniture level='level-233d4d24-2002-4af2-91ac-fbf311228b56' catalogId='GdB#transat' name='Silla de playa' creator='GdB' model='210' x='1066.4309' y='933.13153' angle='3.6651917' width='60.0' depth='104.6' height='97.700005' modelRotation='0 0 1 0 1 0 -1 0 0' modelSize='11901'/>
  <pieceOfFurniture level='level-233d4d24-2002-4af2-91ac-fbf311228b56' catalogId='Blend Swap CC-0#relaxChair' name='Silla Relax' creator='Semhustej' model='212/relaxChair.obj' x='1073.4786' y='558.911' angle='5.497787' width='66.0' depth='190.0' height='84.700005' modelSize='1091248'/>
  <pieceOfFurniture level='level-233d4d24-2002-4af2-91ac-fbf311228b56' catalogId='Scopia#rattanArmchair' name='Sillón de rattán' creator='Scopia' model='214/rattanArmchair.obj' x='1229.7941' y='904.88837' angle='2.6179938' width='71.0' depth='72.4' height='78.700005' modelSize='91347'/>
  <pieceOfFurniture level='level-233d4d24-2002-4af2-91ac-fbf311228b56' catalogId='SeberRider#hangingUmbrella' name='Sombrilla jadrin' creator='Seber Rider' model='216/hangingUmbrella.obj' x='1181.6729' y='738.0567' angle='1.0471976' width='240.0' depth='297.0' height='272.1' modelSize='37368'/>
  <pieceOfFurniture level='level-e354fa52-3de0-400f-9e5b-a5638ce2d2ea' catalogId='Hawkdawg#picnic_table' name='Mesa de merendero' creator='Hawkdawg' model='218/picnic_table.obj' x='1990.7305' y='-285.13705' angle='1.5707964' width='180.2' depth='145.3' height='75.0' modelSize='46013'/>
  <pieceOfFurniture level='level-e354fa52-3de0-400f-9e5b-a5638ce2d2ea' catalogId='Sophie#pergola' name='Pérgola' creator='Sophie' model='220/pergola.obj' x='1634.068' y='-126.43684' angle='3.1415927' width='240.0' depth='255.6' height='263.0' modelSize='87756' movable='false'/>
  <pieceOfFurniture level='level-e354fa52-3de0-400f-9e5b-a5638ce2d2ea' catalogId='Sophie#pergola' name='Pérgola' creator='Sophie' model='220/pergola.obj' x='1394.068' y='-126.436485' angle='3.1415927' width='240.0' depth='255.6' height='263.0' modelSize='87756' movable='false'/>
  <pieceOfFurniture level='level-e354fa52-3de0-400f-9e5b-a5638ce2d2ea' catalogId='Sophie#pergola' name='Pérgola' creator='Sophie' model='220/pergola.obj' x='1152.9867' y='-126.43686' angle='3.1415927' width='240.0' depth='255.6' height='263.0' modelSize='87756' movable='false'/>
  <pieceOfFurniture level='level-233d4d24-2002-4af2-91ac-fbf311228b56' catalogId='OlaKristianHoff#staircase_handrail_hor' name='Barandilla' creator='Ola-Kristian Hoff' model='139/staircase_handrail_hor.obj' x='1205.7349' y='66.66345' angle='1.5707964' width='102.0' depth='3.0' height='95.0' modelSize='31473' movable='false'/>
  <wall id='wall-f6c0b981-abc0-4a75-a342-77bac33b942f' level='level-e354fa52-3de0-400f-9e5b-a5638ce2d2ea' wallAtEnd='wall-7f3d0f46-8f1a-4ce9-b532-aa4e6cabba2a' xStart='936.08124' yStart='602.4908' xEnd='936.08124' yEnd='396.49078' height='270.0' thickness='16.0' pattern='hatchUp' rightSideColor='FFFEFFFC'>
    <texture attribute='leftSideTexture' name='Baldosas beige' creator='Scopia' width='100.0' height='100.0' image='230'/>
    <baseboard attribute='rightSideBaseboard' thickness='1.0' height='7.0'>
      <texture name='Álamo' creator='Emmanuel Puybaret' width='40.0' height='80.0' image='223'/>
    </baseboard>
  </wall>
  <wall id='wall-d0a0a7ba-0953-4faf-a836-899fdb06a8f1' level='level-e354fa52-3de0-400f-9e5b-a5638ce2d2ea' xStart='935.2349' yStart='9.363533' xEnd='935.2349' yEnd='395.15143' height='270.0' thickness='16.0' pattern='hatchUp' leftSideColor='FFFFFFFF' rightSideColor='FFFEFFFC'>
    <baseboard attribute='leftSideBaseboard' thickness='1.0' height='7.0'>
      <texture name='Álamo' creator='Emmanuel Puybaret' width='40.0' height='80.0' image='223'/>
    </baseboard>
    <baseboard attribute='rightSideBaseboard' thickness='1.0' height='7.0'>
      <texture name='Álamo' creator='Emmanuel Puybaret' width='40.0' height='80.0' image='223'/>
    </baseboard>
  </wall>
  <wall id='wall-7f3d0f46-8f1a-4ce9-b532-aa4e6cabba2a' level='level-e354fa52-3de0-400f-9e5b-a5638ce2d2ea' wallAtStart='wall-f6c0b981-abc0-4a75-a342-77bac33b942f' xStart='936.08124' yStart='396.49078' xEnd='503.16907' yEnd='395.1514' height='270.0' thickness='16.0' pattern='hatchUp' rightSideColor='FFFEFFFC'>
    <texture attribute='leftSideTexture' name='Baldosas beige' creator='Scopia' width='100.0' height='100.0' image='230'/>
    <baseboard attribute='rightSideBaseboard' thickness='1.0' height='7.0'>
      <texture name='Álamo' creator='Emmanuel Puybaret' width='40.0' height='80.0' image='223'/>
    </baseboard>
  </wall>
  <wall id='wall-b1f14d61-6d05-4b2d-8ff2-78d4db6d6e28' level='level-e354fa52-3de0-400f-9e5b-a5638ce2d2ea' xStart='1043.4948' yStart='1007.74976' xEnd='1043.4948' yEnd='746.74976' height='270.0' thickness='16.0' pattern='hatchUp' leftSideColor='FFFEFFFC'>
    <texture attribute='rightSideTexture' name='Baldosas beige' creator='Scopia' width='100.0' height='100.0' image='230'/>
    <baseboard attribute='leftSideBaseboard' thickness='1.0' height='7.0'>
      <texture name='Álamo' creator='Emmanuel Puybaret' width='40.0' height='80.0' image='223'/>
    </baseboard>
  </wall>
  <wall id='wall-94db00d0-6308-4790-b69b-48488a751a43' level='level-e354fa52-3de0-400f-9e5b-a5638ce2d2ea' xStart='1126.0726' yStart='1000.75946' xEnd='1126.0726' yEnd='1194.3635' height='270.0' thickness='16.0' pattern='hatchUp' rightSideColor='FFFEFFFC'>
    <texture attribute='leftSideTexture' name='Baldosas beige' creator='Scopia' width='100.0' height='100.0' image='230'/>
  </wall>
  <wall id='wall-a26a3d2d-2d63-47d4-85a3-0fef4a02bc16' level='level-e354fa52-3de0-400f-9e5b-a5638ce2d2ea' xStart='503.16907' yStart='894.7548' xEnd='902.59796' yEnd='894.7548' height='270.0' thickness='16.0' pattern='hatchUp' leftSideColor='FFFEFFFC' rightSideColor='FFFEFFFC'>
    <baseboard attribute='leftSideBaseboard' thickness='1.0' height='7.0'>
      <texture name='Álamo' creator='Emmanuel Puybaret' width='40.0' height='80.0' image='223'/>
    </baseboard>
    <baseboard attribute='rightSideBaseboard' thickness='1.0' height='7.0'>
      <texture name='Álamo' creator='Emmanuel Puybaret' width='40.0' height='80.0' image='223'/>
    </baseboard>
  </wall>
  <wall id='wall-acd5e69c-fe71-47a9-8dea-f440e3ff76ba' level='level-e354fa52-3de0-400f-9e5b-a5638ce2d2ea' xStart='503.16907' yStart='594.9131' xEnd='936.08124' yEnd='594.9131' height='270.0' thickness='16.0' pattern='hatchUp' rightSideColor='FFFEFFFC'>
    <texture attribute='leftSideTexture' name='Baldosas beige' creator='Scopia' width='100.0' height='100.0' image='230'/>
    <baseboard attribute='rightSideBaseboard' thickness='1.0' height='7.0'>
      <texture name='Álamo' creator='Emmanuel Puybaret' width='40.0' height='80.0' image='223'/>
    </baseboard>
  </wall>
  <wall id='wall-a7bcb154-2ddc-43d9-8f47-366d84e0149d' level='level-e354fa52-3de0-400f-9e5b-a5638ce2d2ea' wallAtStart='wall-1534881f-3fc5-460c-8926-96c4fb7a28b5' xStart='1217.5979' yStart='9.363533' xEnd='1744.1691' yEnd='9.363533' height='270.0' thickness='16.0' pattern='hatchUp' rightSideColor='FFFFFFFF'>
    <texture attribute='leftSideTexture' name='Muro de piedras' creator='Scopia' catalogId='eTeksScopia#stones_wall_coloured' width='120.0' height='120.0' image='231'/>
    <baseboard attribute='rightSideBaseboard' thickness='1.0' height='7.0'>
      <texture name='Álamo' creator='Emmanuel Puybaret' width='40.0' height='80.0' image='223'/>
    </baseboard>
  </wall>
  <wall id='wall-f19c719b-2221-4ca6-85fb-7eedd8e496f4' level='level-e354fa52-3de0-400f-9e5b-a5638ce2d2ea' wallAtStart='wall-cdd78eb7-2350-40cd-855d-2d97411f69a4' wallAtEnd='wall-7367cfaf-58d1-43f9-94b3-30985983736b' xStart='1137.1779' yStart='748.3635' xEnd='1363.3359' yEnd='748.3635' height='270.0' thickness='16.0' pattern='hatchUp' leftSideColor='FFFFFFFF'>
    <texture attribute='rightSideTexture' name='Baldosas beige' creator='Scopia' width='100.0' height='100.0' image='230'/>
    <baseboard attribute='leftSideBaseboard' thickness='1.0' height='7.0'>
      <texture name='Álamo' creator='Emmanuel Puybaret' width='40.0' height='80.0' image='223'/>
    </baseboard>
  </wall>
  <wall id='wall-01731de9-e3ba-4703-af90-ef84cf9a1f4b' level='level-e354fa52-3de0-400f-9e5b-a5638ce2d2ea' wallAtEnd='wall-2d6bd98f-901d-4a23-955a-eb7eff3388f1' xStart='1744.1691' yStart='1194.3635' xEnd='1363.3359' yEnd='1192.7191' height='270.0' thickness='16.0' pattern='hatchUp'>
    <texture attribute='leftSideTexture' name='Muro de piedras' creator='Scopia' catalogId='eTeksScopia#stones_wall_coloured' width='120.0' height='120.0' image='231'/>
    <texture attribute='rightSideTexture' name='Baldosas beige' creator='Scopia' catalogId='eTeksScopia#bathroom-tile-beige' width='100.0' height='100.0' image='230'/>
  </wall>
  <wall id='wall-93aa5768-6376-4e15-8986-b2d08498c1d1' level='level-e354fa52-3de0-400f-9e5b-a5638ce2d2ea' xStart='1744.1691' yStart='748.3635' xEnd='1744.1691' yEnd='1202.3635' height='270.0' thickness='16.0' pattern='hatchUp'>
    <texture attribute='leftSideTexture' name='Muro de piedras' creator='Scopia' catalogId='eTeksScopia#stones_wall_coloured' width='120.0' height='120.0' image='231'/>
    <texture attribute='rightSideTexture' name='Baldosas beige' creator='Scopia' catalogId='eTeksScopia#bathroom-tile-beige' width='100.0' height='100.0' image='230'/>
  </wall>
  <wall id='wall-4870cc08-ffd7-47f6-bd8a-3672b61dee63' level='level-e354fa52-3de0-400f-9e5b-a5638ce2d2ea' xStart='1744.1691' yStart='748.3635' xEnd='1744.1691' yEnd='2.3635254' height='270.0' thickness='16.0' pattern='hatchUp' leftSideColor='FFFFFFFF'>
    <texture attribute='rightSideTexture' name='Muro de piedras' creator='Scopia' catalogId='eTeksScopia#stones_wall_coloured' width='120.0' height='120.0' image='231'/>
    <baseboard attribute='leftSideBaseboard' thickness='1.0' height='7.0'>
      <texture name='Álamo' creator='Emmanuel Puybaret' width='40.0' height='80.0' image='223'/>
    </baseboard>
  </wall>
  <wall id='wall-31a44e3f-c285-47e1-b417-bfdec5d78c2e' level='level-e354fa52-3de0-400f-9e5b-a5638ce2d2ea' wallAtStart='wall-05363ef7-a4f5-4eb2-89d5-03eceef07aff' wallAtEnd='wall-0487e6a9-61c7-49a7-9a46-fe2a97e6b4a8' xStart='1048.3359' yStart='1194.3636' xEnd='902.59796' yEnd='1194.3636' height='270.0' thickness='16.0' pattern='hatchUp' rightSideColor='FFFEFFFC'>
    <texture attribute='leftSideTexture' name='Muro de piedras' creator='Scopia' catalogId='eTeksScopia#stones_wall_coloured' width='120.0' height='120.0' image='231'/>
    <baseboard attribute='rightSideBaseboard' thickness='1.0' height='7.0'>
      <texture name='Álamo' creator='Emmanuel Puybaret' width='40.0' height='80.0' image='223'/>
    </baseboard>
  </wall>
  <wall id='wall-0487e6a9-61c7-49a7-9a46-fe2a97e6b4a8' level='level-e354fa52-3de0-400f-9e5b-a5638ce2d2ea' wallAtStart='wall-31a44e3f-c285-47e1-b417-bfdec5d78c2e' wallAtEnd='wall-065ebd02-3d6e-48cd-805b-1d923b4d24a7' xStart='902.59796' yStart='1194.3636' xEnd='503.16907' yEnd='1194.3636' height='270.0' thickness='16.0' pattern='hatchUp' rightSideColor='FFFEFFFC'>
    <texture attribute='leftSideTexture' name='Muro de piedras' creator='Scopia' catalogId='eTeksScopia#stones_wall_coloured' width='120.0' height='120.0' image='231'/>
    <baseboard attribute='rightSideBaseboard' thickness='1.0' height='7.0'>
      <texture name='Álamo' creator='Emmanuel Puybaret' width='40.0' height='80.0' image='223'/>
    </baseboard>
  </wall>
  <wall id='wall-3650c4d2-1e3e-402b-a41d-7ad1fb30853a' level='level-e354fa52-3de0-400f-9e5b-a5638ce2d2ea' wallAtStart='wall-b352cd0b-8c73-4d85-b2ab-b83db2e433d3' xStart='503.16907' yStart='395.1514' xEnd='503.169' yEnd='9.363533' height='270.0' thickness='16.0' pattern='hatchUp' rightSideColor='FFFEFFFC'>
    <texture attribute='leftSideTexture' name='Muro de piedras' creator='Scopia' catalogId='eTeksScopia#stones_wall_coloured' width='120.0' height='120.0' image='231'/>
    <baseboard attribute='rightSideBaseboard' thickness='1.0' height='7.0'>
      <texture name='Álamo' creator='Emmanuel Puybaret' width='40.0' height='80.0' image='223'/>
    </baseboard>
  </wall>
  <wall id='wall-b352cd0b-8c73-4d85-b2ab-b83db2e433d3' level='level-e354fa52-3de0-400f-9e5b-a5638ce2d2ea' wallAtStart='wall-815a0e9e-aff2-41ea-b1ba-55d8a71e17b0' wallAtEnd='wall-3650c4d2-1e3e-402b-a41d-7ad1fb30853a' xStart='503.16907' yStart='595.15137' xEnd='503.16907' yEnd='395.1514' height='270.0' thickness='16.0' pattern='hatchUp'>
    <texture attribute='leftSideTexture' name='Muro de piedras' creator='Scopia' catalogId='eTeksScopia#stones_wall_coloured' width='120.0' height='120.0' image='231'/>
    <texture attribute='rightSideTexture' name='Baldosas beige' creator='Scopia' width='100.0' height='100.0' image='230'/>
  </wall>
  <wall id='wall-151c1118-1a41-4e40-a323-b67cca530919' level='level-e354fa52-3de0-400f-9e5b-a5638ce2d2ea' wallAtEnd='wall-1534881f-3fc5-460c-8926-96c4fb7a28b5' xStart='503.16907' yStart='9.363533' xEnd='1001.59796' yEnd='9.363533' height='270.0' thickness='16.0' pattern='hatchUp' rightSideColor='FFFEFFFC'>
    <texture attribute='leftSideTexture' name='Muro de piedras' creator='Scopia' catalogId='eTeksScopia#stones_wall_coloured' width='120.0' height='120.0' image='231'/>
    <baseboard attribute='rightSideBaseboard' thickness='1.0' height='7.0'>
      <texture name='Álamo' creator='Emmanuel Puybaret' width='40.0' height='80.0' image='223'/>
    </baseboard>
  </wall>
  <wall id='wall-1534881f-3fc5-460c-8926-96c4fb7a28b5' level='level-e354fa52-3de0-400f-9e5b-a5638ce2d2ea' wallAtStart='wall-151c1118-1a41-4e40-a323-b67cca530919' wallAtEnd='wall-a7bcb154-2ddc-43d9-8f47-366d84e0149d' xStart='1001.59796' yStart='9.363533' xEnd='1217.5979' yEnd='9.363533' height='270.0' thickness='16.0' pattern='hatchUp' rightSideColor='FFFFFFFF'>
    <texture attribute='leftSideTexture' name='Muro de piedras' creator='Scopia' catalogId='eTeksScopia#stones_wall_coloured' width='120.0' height='120.0' image='231'/>
    <baseboard attribute='rightSideBaseboard' thickness='1.0' height='7.0'>
      <texture name='Álamo' creator='Emmanuel Puybaret' width='40.0' height='80.0' image='223'/>
    </baseboard>
  </wall>
  <wall id='wall-5ba9bdc3-cb77-4cce-8735-c75a3fd4ba0a' level='level-e354fa52-3de0-400f-9e5b-a5638ce2d2ea' xStart='896.892' yStart='395.15143' xEnd='943.6299' yEnd='395.15143' height='270.0' thickness='16.0' arcExtent='0.0' pattern='hatchUp' leftSideColor='FFFFFFFF' rightSideColor='FFFEFFFC'>
    <baseboard attribute='leftSideBaseboard' thickness='1.0' height='7.0'>
      <texture name='Álamo' creator='Emmanuel Puybaret' width='40.0' height='80.0' image='223'/>
    </baseboard>
    <baseboard attribute='rightSideBaseboard' thickness='1.0' height='7.0'>
      <texture name='Álamo' creator='Emmanuel Puybaret' width='40.0' height='80.0' image='223'/>
    </baseboard>
  </wall>
  <wall id='wall-ccae41dc-0a32-43d3-814c-6c410515e887' level='level-e354fa52-3de0-400f-9e5b-a5638ce2d2ea' wallAtEnd='wall-41166059-9c28-4bb9-a1f9-97c03ea86066' xStart='902.59796' yStart='1194.3636' xEnd='902.59796' yEnd='894.7548' height='270.0' thickness='16.0' pattern='hatchUp' leftSideColor='FFFEFFFC' rightSideColor='FFFEFFFC'>
    <baseboard attribute='leftSideBaseboard' thickness='1.0' height='7.0'>
      <texture name='Álamo' creator='Emmanuel Puybaret' width='40.0' height='80.0' image='223'/>
    </baseboard>
    <baseboard attribute='rightSideBaseboard' thickness='1.0' height='7.0'>
      <texture name='Álamo' creator='Emmanuel Puybaret' width='40.0' height='80.0' image='223'/>
    </baseboard>
  </wall>
  <wall id='wall-41166059-9c28-4bb9-a1f9-97c03ea86066' level='level-e354fa52-3de0-400f-9e5b-a5638ce2d2ea' wallAtStart='wall-ccae41dc-0a32-43d3-814c-6c410515e887' xStart='902.59796' yStart='894.7548' xEnd='902.59796' yEnd='597.7548' height='270.0' thickness='16.0' pattern='hatchUp' leftSideColor='FFFEFFFC' rightSideColor='FFFEFFFC'>
    <baseboard attribute='leftSideBaseboard' thickness='1.0' height='7.0'>
      <texture name='Álamo' creator='Emmanuel Puybaret' width='40.0' height='80.0' image='223'/>
    </baseboard>
    <baseboard attribute='rightSideBaseboard' thickness='1.0' height='7.0'>
      <texture name='Álamo' creator='Emmanuel Puybaret' width='40.0' height='80.0' image='223'/>
    </baseboard>
  </wall>
  <wall id='wall-065ebd02-3d6e-48cd-805b-1d923b4d24a7' level='level-e354fa52-3de0-400f-9e5b-a5638ce2d2ea' wallAtStart='wall-0487e6a9-61c7-49a7-9a46-fe2a97e6b4a8' wallAtEnd='wall-815a0e9e-aff2-41ea-b1ba-55d8a71e17b0' xStart='503.16907' yStart='1194.3636' xEnd='503.16907' yEnd='894.7548' height='270.0' thickness='16.0' pattern='hatchUp' rightSideColor='FFFEFFFC'>
    <texture attribute='leftSideTexture' name='Muro de piedras' creator='Scopia' catalogId='eTeksScopia#stones_wall_coloured' width='120.0' height='120.0' image='231'/>
    <baseboard attribute='rightSideBaseboard' thickness='1.0' height='7.0'>
      <texture name='Álamo' creator='Emmanuel Puybaret' width='40.0' height='80.0' image='223'/>
    </baseboard>
  </wall>
  <wall id='wall-815a0e9e-aff2-41ea-b1ba-55d8a71e17b0' level='level-e354fa52-3de0-400f-9e5b-a5638ce2d2ea' wallAtStart='wall-065ebd02-3d6e-48cd-805b-1d923b4d24a7' wallAtEnd='wall-b352cd0b-8c73-4d85-b2ab-b83db2e433d3' xStart='503.16907' yStart='894.7548' xEnd='503.16907' yEnd='595.15137' height='270.0' thickness='16.0' pattern='hatchUp' rightSideColor='FFFEFFFC'>
    <texture attribute='leftSideTexture' name='Muro de piedras' creator='Scopia' catalogId='eTeksScopia#stones_wall_coloured' width='120.0' height='120.0' image='231'/>
    <baseboard attribute='rightSideBaseboard' thickness='1.0' height='7.0'>
      <texture name='Álamo' creator='Emmanuel Puybaret' width='40.0' height='80.0' image='223'/>
    </baseboard>
  </wall>
  <wall id='wall-cdd78eb7-2350-40cd-855d-2d97411f69a4' level='level-e354fa52-3de0-400f-9e5b-a5638ce2d2ea' wallAtEnd='wall-f19c719b-2221-4ca6-85fb-7eedd8e496f4' xStart='1045.9297' yStart='748.3635' xEnd='1137.1779' yEnd='748.3635' height='270.0' thickness='16.0' pattern='hatchUp' leftSideColor='FFFEFFFC'>
    <texture attribute='rightSideTexture' name='Baldosas beige' creator='Scopia' width='100.0' height='100.0' image='230'/>
    <baseboard attribute='leftSideBaseboard' thickness='1.0' height='7.0'>
      <texture name='Álamo' creator='Emmanuel Puybaret' width='40.0' height='80.0' image='223'/>
    </baseboard>
  </wall>
  <wall id='wall-7367cfaf-58d1-43f9-94b3-30985983736b' level='level-e354fa52-3de0-400f-9e5b-a5638ce2d2ea' wallAtStart='wall-f19c719b-2221-4ca6-85fb-7eedd8e496f4' wallAtEnd='wall-739f773d-fdd9-4857-bd1c-e502e7e0e85c' xStart='1363.3359' yStart='748.3635' xEnd='1363.3359' yEnd='1000.75946' height='270.0' thickness='16.0' pattern='hatchUp' leftSideColor='FFFFFFFF'>
    <texture attribute='rightSideTexture' name='Baldosas beige' creator='Scopia' width='100.0' height='100.0' image='230'/>
  </wall>
  <wall id='wall-739f773d-fdd9-4857-bd1c-e502e7e0e85c' level='level-e354fa52-3de0-400f-9e5b-a5638ce2d2ea' wallAtStart='wall-7367cfaf-58d1-43f9-94b3-30985983736b' xStart='1363.3359' yStart='1000.75946' xEnd='1363.3359' yEnd='1194.3635' height='270.0' thickness='16.0' pattern='hatchUp'>
    <texture attribute='leftSideTexture' name='Baldosas beige' creator='Scopia' catalogId='eTeksScopia#bathroom-tile-beige' width='100.0' height='100.0' image='230'/>
    <texture attribute='rightSideTexture' name='Baldosas beige' creator='Scopia' width='100.0' height='100.0' image='230'/>
  </wall>
  <wall id='wall-f11db259-48ed-4829-a980-f6035b2d2ce7' level='level-e354fa52-3de0-400f-9e5b-a5638ce2d2ea' wallAtStart='wall-7e538c01-bf43-4164-bb2b-93c864484e16' xStart='1114.0695' yStart='1000.27924' xEnd='1036.0695' yEnd='1000.27924' height='270.0' thickness='16.0' pattern='hatchUp' leftSideColor='FFFEFFFC'>
    <texture attribute='rightSideTexture' name='Baldosas beige' creator='Scopia' width='100.0' height='100.0' image='230'/>
    <baseboard attribute='leftSideBaseboard' thickness='1.0' height='7.0'>
      <texture name='Álamo' creator='Emmanuel Puybaret' width='40.0' height='80.0' image='223'/>
    </baseboard>
  </wall>
  <wall id='wall-2d6bd98f-901d-4a23-955a-eb7eff3388f1' level='level-e354fa52-3de0-400f-9e5b-a5638ce2d2ea' wallAtStart='wall-01731de9-e3ba-4703-af90-ef84cf9a1f4b' wallAtEnd='wall-05363ef7-a4f5-4eb2-89d5-03eceef07aff' xStart='1363.3359' yStart='1192.7191' xEnd='1126.0726' yEnd='1192.7191' height='270.0' thickness='16.0' pattern='hatchUp'>
    <texture attribute='leftSideTexture' name='Muro de piedras' creator='Scopia' catalogId='eTeksScopia#stones_wall_coloured' width='120.0' height='120.0' image='231'/>
    <texture attribute='rightSideTexture' name='Baldosas beige' creator='Scopia' width='100.0' height='100.0' image='230'/>
  </wall>
  <wall id='wall-05363ef7-a4f5-4eb2-89d5-03eceef07aff' level='level-e354fa52-3de0-400f-9e5b-a5638ce2d2ea' wallAtStart='wall-2d6bd98f-901d-4a23-955a-eb7eff3388f1' wallAtEnd='wall-31a44e3f-c285-47e1-b417-bfdec5d78c2e' xStart='1126.0726' yStart='1192.7191' xEnd='1048.3359' yEnd='1194.3636' height='270.0' thickness='16.0' pattern='hatchUp'>
    <texture attribute='leftSideTexture' name='Muro de piedras' creator='Scopia' catalogId='eTeksScopia#stones_wall_coloured' width='120.0' height='120.0' image='231'/>
  </wall>
  <wall id='wall-e3eeca5d-2ed9-4757-b5d9-88a3cfb582cd' level='level-b9462cd9-2755-41cc-9dfd-78e4782cf170' wallAtEnd='wall-2f95ad75-15c0-463a-9577-60609f91897e' xStart='1001.59796' yStart='9.363533' xEnd='1001.5979' yEnd='1194.3635' height='270.0' thickness='16.0' pattern='hatchUp' leftSideColor='FFFEFFFC'>
    <baseboard attribute='leftSideBaseboard' thickness='1.0' height='7.0'>
      <texture name='Álamo' creator='Emmanuel Puybaret' width='40.0' height='80.0' image='223'/>
    </baseboard>
  </wall>
  <wall id='wall-2f95ad75-15c0-463a-9577-60609f91897e' level='level-b9462cd9-2755-41cc-9dfd-78e4782cf170' wallAtStart='wall-e3eeca5d-2ed9-4757-b5d9-88a3cfb582cd' wallAtEnd='wall-e786165a-a087-4496-bfaf-fd443bdf591c' xStart='1001.5979' yStart='1194.3635' xEnd='1744.1691' yEnd='1194.3635' height='270.0' thickness='16.0' pattern='hatchUp' leftSideColor='FFFFFFFF'>
    <baseboard attribute='leftSideBaseboard' thickness='1.0' height='7.0'>
      <texture name='Álamo' creator='Emmanuel Puybaret' width='40.0' height='80.0' image='223'/>
    </baseboard>
  </wall>
  <wall id='wall-e786165a-a087-4496-bfaf-fd443bdf591c' level='level-b9462cd9-2755-41cc-9dfd-78e4782cf170' wallAtStart='wall-2f95ad75-15c0-463a-9577-60609f91897e' wallAtEnd='wall-af3d3c5d-ade8-4975-896b-8837870ceda3' xStart='1744.1691' yStart='1194.3635' xEnd='1744.1691' yEnd='9.363533' height='270.0' thickness='16.0' pattern='hatchUp' leftSideColor='FFFFFFFF'>
    <baseboard attribute='leftSideBaseboard' thickness='1.0' height='7.0'>
      <texture name='Álamo' creator='Emmanuel Puybaret' width='40.0' height='80.0' image='223'/>
    </baseboard>
  </wall>
  <wall id='wall-af3d3c5d-ade8-4975-896b-8837870ceda3' level='level-b9462cd9-2755-41cc-9dfd-78e4782cf170' wallAtStart='wall-e786165a-a087-4496-bfaf-fd443bdf591c' xStart='1744.1691' yStart='9.363533' xEnd='995.16907' yEnd='9.363533' height='270.0' thickness='16.0' pattern='hatchUp' leftSideColor='FFFEFFFC'>
    <baseboard attribute='leftSideBaseboard' thickness='1.0' height='7.0'>
      <texture name='Álamo' creator='Emmanuel Puybaret' width='40.0' height='80.0' image='223'/>
    </baseboard>
  </wall>
  <wall id='wall-9b890053-cb7a-47f2-9c91-17d36e29b8c5' level='level-e354fa52-3de0-400f-9e5b-a5638ce2d2ea' xStart='905.0329' yStart='747.77075' xEnd='1045.9297' yEnd='747.77075' height='270.0' thickness='16.0' pattern='hatchUp'/>
  <wall id='wall-5d09da40-e50d-441b-815e-79b69b5611b1' level='level-e354fa52-3de0-400f-9e5b-a5638ce2d2ea' wallAtEnd='wall-7e538c01-bf43-4164-bb2b-93c864484e16' xStart='1363.3359' yStart='1000.75946' xEnd='1126.0726' yEnd='1000.30237' height='270.0' thickness='16.0' pattern='hatchUp'>
    <texture attribute='leftSideTexture' name='Baldosas beige' creator='Scopia' width='100.0' height='100.0' image='230'/>
    <texture attribute='rightSideTexture' name='Baldosas beige' creator='Scopia' width='100.0' height='100.0' image='230'/>
  </wall>
  <wall id='wall-7e538c01-bf43-4164-bb2b-93c864484e16' level='level-e354fa52-3de0-400f-9e5b-a5638ce2d2ea' wallAtStart='wall-5d09da40-e50d-441b-815e-79b69b5611b1' wallAtEnd='wall-f11db259-48ed-4829-a980-f6035b2d2ce7' xStart='1126.0726' yStart='1000.30237' xEnd='1114.0695' yEnd='1000.27924' height='270.0' thickness='16.0' pattern='hatchUp' leftSideColor='FFFEFFFC'>
    <texture attribute='rightSideTexture' name='Baldosas beige' creator='Scopia' width='100.0' height='100.0' image='230'/>
    <baseboard attribute='leftSideBaseboard' thickness='1.0' height='7.0'>
      <texture name='Álamo' creator='Emmanuel Puybaret' width='40.0' height='80.0' image='223'/>
    </baseboard>
  </wall>
  <wall id='wall-568f2e8d-f80c-4dc6-b4de-bbf4fea037c6' level='level-e354fa52-3de0-400f-9e5b-a5638ce2d2ea' wallAtEnd='wall-233dc4e0-a175-4ac6-8678-efd07b587cd7' xStart='2206.0957' yStart='1971.6719' xEnd='-205.9043' yEnd='1971.6719' height='270.0' thickness='16.0' pattern='hatchUp'>
    <texture attribute='rightSideTexture' name='Madera envejecida' creator='Scopia' catalogId='eTeksScopia#old-wooden-wall' width='100.0' height='100.0' image='232'/>
  </wall>
  <wall id='wall-233dc4e0-a175-4ac6-8678-efd07b587cd7' level='level-e354fa52-3de0-400f-9e5b-a5638ce2d2ea' wallAtStart='wall-568f2e8d-f80c-4dc6-b4de-bbf4fea037c6' xStart='-205.9043' yStart='1971.6719' xEnd='-205.9043' yEnd='-596.3281' height='270.0' thickness='16.0' pattern='hatchUp'>
    <texture attribute='rightSideTexture' name='Madera envejecida' creator='Scopia' catalogId='eTeksScopia#old-wooden-wall' width='100.0' height='100.0' image='232'/>
  </wall>
  <wall id='wall-fdc5c5e6-01f2-44ae-bca4-7851e860fdc1' level='level-e354fa52-3de0-400f-9e5b-a5638ce2d2ea' wallAtEnd='wall-c55cf7d2-1095-47b4-a873-e055c375642e' xStart='-205.9043' yStart='-582.4731' xEnd='2206.0957' yEnd='-582.4731' height='270.0' thickness='16.0' pattern='hatchUp'>
    <texture attribute='leftSideTexture' name='Madera envejecida' creator='Scopia' catalogId='eTeksScopia#old-wooden-wall' width='100.0' height='100.0' image='232'/>
    <texture attribute='rightSideTexture' name='Madera envejecida' creator='Scopia' catalogId='eTeksScopia#old-wooden-wall' width='100.0' height='100.0' image='232'/>
  </wall>
  <wall id='wall-c55cf7d2-1095-47b4-a873-e055c375642e' level='level-e354fa52-3de0-400f-9e5b-a5638ce2d2ea' wallAtStart='wall-fdc5c5e6-01f2-44ae-bca4-7851e860fdc1' xStart='2206.0957' yStart='-582.4731' xEnd='2206.0957' yEnd='1971.6719' height='270.0' thickness='16.0' pattern='hatchUp'>
    <texture attribute='leftSideTexture' name='Madera envejecida' creator='Scopia' catalogId='eTeksScopia#old-wooden-wall' width='100.0' height='100.0' image='232'/>
    <texture attribute='rightSideTexture' name='Madera envejecida' creator='Scopia' catalogId='eTeksScopia#old-wooden-wall' width='100.0' height='100.0' image='232'/>
  </wall>
  <wall id='wall-08a29ccf-e4b8-41b6-af0b-1d505100495a' level='level-233d4d24-2002-4af2-91ac-fbf311228b56' wallAtEnd='wall-9ebfb352-a6cc-4e55-8fc9-35fe46a33476' xStart='-203.88037' yStart='-582.4731' xEnd='2208.1196' yEnd='-582.4731' height='400.0' thickness='16.0' pattern='hatchUp'>
    <texture attribute='rightSideTexture' name='Cielo soleado' creator='Scopia' catalogId='eTeksScopia#big-sun-sky' width='300.0' height='50.0' scale='8.0' image='233'/>
  </wall>
  <wall id='wall-9ebfb352-a6cc-4e55-8fc9-35fe46a33476' level='level-233d4d24-2002-4af2-91ac-fbf311228b56' wallAtStart='wall-08a29ccf-e4b8-41b6-af0b-1d505100495a' wallAtEnd='wall-8f325055-b068-4fbd-9f3e-7a38eeaf40f3' xStart='2208.1196' yStart='-582.4731' xEnd='2206.0957' yEnd='1980.5269' height='400.0' thickness='16.0' pattern='hatchUp'>
    <texture attribute='rightSideTexture' name='Nublado' creator='eTeks' catalogId='eTeks#cloudy' width='100.0' height='27.6' xOffset='0.15' scale='18.0' image='234'/>
  </wall>
  <wall id='wall-8f325055-b068-4fbd-9f3e-7a38eeaf40f3' level='level-233d4d24-2002-4af2-91ac-fbf311228b56' wallAtStart='wall-9ebfb352-a6cc-4e55-8fc9-35fe46a33476' wallAtEnd='wall-fb4002ec-2e27-425f-8aec-2fe36f78b73e' xStart='2206.0957' yStart='1980.5269' xEnd='-214.9043' yEnd='1980.5269' height='400.0' thickness='16.0' pattern='hatchUp'>
    <texture attribute='rightSideTexture' name='Nublado' creator='eTeks' catalogId='eTeks#cloudy' width='100.0' height='27.6' scale='20.0' image='234'/>
  </wall>
  <wall id='wall-fb4002ec-2e27-425f-8aec-2fe36f78b73e' level='level-233d4d24-2002-4af2-91ac-fbf311228b56' wallAtStart='wall-8f325055-b068-4fbd-9f3e-7a38eeaf40f3' xStart='-214.9043' yStart='1980.5269' xEnd='-214.9044' yEnd='-596.3281' height='400.0' thickness='16.0' pattern='hatchUp'>
    <texture attribute='rightSideTexture' name='Nublado' creator='eTeks' catalogId='eTeks#cloudy' width='100.0' height='27.6' scale='20.0' image='234'/>
  </wall>
  <wall id='wall-f74436d5-4b0f-43c2-ad60-fb6fbf292daf' level='level-233d4d24-2002-4af2-91ac-fbf311228b56' xStart='936.08124' yStart='210.92505' xEnd='1363.3359' yEnd='210.92505' height='270.0' thickness='16.0' pattern='hatchUp' leftSideColor='FFFDFFFC'>
    <texture attribute='rightSideTexture' name='Muro de piedras' creator='Scopia' width='120.0' height='120.0' image='231'/>
  </wall>
  <wall id='wall-8a07dbea-6b22-4d85-a734-9e3dd688dcb9' level='level-233d4d24-2002-4af2-91ac-fbf311228b56' wallAtEnd='wall-ec765c6e-5e3d-47b6-8a76-57783913d311' xStart='1363.3359' yStart='9.363567' xEnd='1752.7522' yEnd='9.363533' height='120.0' thickness='16.0' pattern='hatchUp'>
    <texture attribute='leftSideTexture' name='Muro de piedras' creator='Scopia' width='120.0' height='120.0' image='231'/>
    <texture attribute='rightSideTexture' name='Muro de piedras' creator='Scopia' width='120.0' height='120.0' image='231'/>
  </wall>
  <wall id='wall-ec765c6e-5e3d-47b6-8a76-57783913d311' level='level-233d4d24-2002-4af2-91ac-fbf311228b56' wallAtStart='wall-8a07dbea-6b22-4d85-a734-9e3dd688dcb9' wallAtEnd='wall-2d077cf8-b758-42e4-a810-34c45098719c' xStart='1752.7522' yStart='9.363533' xEnd='1752.7522' yEnd='1192.7191' height='120.0' thickness='16.0' pattern='hatchUp'>
    <texture attribute='leftSideTexture' name='Muro de piedras' creator='Scopia' width='120.0' height='120.0' image='231'/>
    <texture attribute='rightSideTexture' name='Muro de piedras' creator='Scopia' width='120.0' height='120.0' image='231'/>
  </wall>
  <wall id='wall-2d077cf8-b758-42e4-a810-34c45098719c' level='level-233d4d24-2002-4af2-91ac-fbf311228b56' wallAtStart='wall-ec765c6e-5e3d-47b6-8a76-57783913d311' xStart='1752.7522' yStart='1192.7191' xEnd='926.7522' yEnd='1192.7191' height='120.0' thickness='16.0' pattern='hatchUp'>
    <texture attribute='leftSideTexture' name='Muro de piedras' creator='Scopia' width='120.0' height='120.0' image='231'/>
    <texture attribute='rightSideTexture' name='Muro de piedras' creator='Scopia' width='120.0' height='120.0' image='231'/>
  </wall>
  <wall id='wall-798f8a51-4e0a-426a-9af8-4573649df7e6' level='level-233d4d24-2002-4af2-91ac-fbf311228b56' wallAtStart='wall-7cd3ddb8-899d-4503-8aeb-e8a7c8e2f751' xStart='935.2349' yStart='7.3396072' xEnd='935.2349' yEnd='208.90112' height='270.0' thickness='16.0' pattern='hatchUp' leftSideColor='FFFDFFFC'>
    <texture attribute='rightSideTexture' name='Muro de piedras' creator='Scopia' width='120.0' height='120.0' image='231'/>
  </wall>
  <wall id='wall-7cd3ddb8-899d-4503-8aeb-e8a7c8e2f751' level='level-233d4d24-2002-4af2-91ac-fbf311228b56' wallAtStart='wall-798f8a51-4e0a-426a-9af8-4573649df7e6' wallAtEnd='wall-00b65120-1e3f-49db-936f-e643ed8d63fe' xStart='935.2349' yStart='7.3396072' xEnd='1354.2349' yEnd='9.363533' height='270.0' thickness='16.0' pattern='hatchUp' rightSideColor='FFFDFFFC'>
    <texture attribute='leftSideTexture' name='Muro de piedras' creator='Scopia' width='120.0' height='120.0' image='231'/>
  </wall>
  <wall id='wall-00b65120-1e3f-49db-936f-e643ed8d63fe' level='level-233d4d24-2002-4af2-91ac-fbf311228b56' wallAtStart='wall-7cd3ddb8-899d-4503-8aeb-e8a7c8e2f751' xStart='1354.2349' yStart='9.363533' xEnd='1354.2349' yEnd='210.92505' height='270.0' thickness='16.0' pattern='hatchUp'>
    <texture attribute='leftSideTexture' name='Muro de piedras' creator='Scopia' width='120.0' height='120.0' image='231'/>
  </wall>
  <wall id='wall-2a83b2a6-b96e-46fd-87b5-b968fd992684' level='level-233d4d24-2002-4af2-91ac-fbf311228b56' wallAtEnd='wall-98afabee-c6de-4417-91e8-196482e481fc' xStart='926.7522' yStart='1192.7191' xEnd='503.16907' yEnd='1192.7191' height='12.0' thickness='16.0' pattern='hatchUp'>
    <texture attribute='leftSideTexture' name='Muro de piedras' creator='Scopia' width='120.0' height='120.0' image='231'/>
  </wall>
  <wall id='wall-98afabee-c6de-4417-91e8-196482e481fc' level='level-233d4d24-2002-4af2-91ac-fbf311228b56' wallAtStart='wall-2a83b2a6-b96e-46fd-87b5-b968fd992684' wallAtEnd='wall-a45d5c69-e10c-430f-9adb-1402ea0c9ccb' xStart='503.16907' yStart='1192.7191' xEnd='505.1928' yEnd='9.363533' height='12.0' thickness='16.0' pattern='hatchUp'>
    <texture attribute='leftSideTexture' name='Muro de piedras' creator='Scopia' width='120.0' height='120.0' image='231'/>
  </wall>
  <wall id='wall-a45d5c69-e10c-430f-9adb-1402ea0c9ccb' level='level-233d4d24-2002-4af2-91ac-fbf311228b56' wallAtStart='wall-98afabee-c6de-4417-91e8-196482e481fc' xStart='505.1928' yStart='9.363533' xEnd='928.776' yEnd='9.363533' height='12.0' thickness='16.0' pattern='hatchUp'>
    <texture attribute='leftSideTexture' name='Muro de piedras' creator='Scopia' width='120.0' height='120.0' image='231'/>
  </wall>
  <wall id='wall-7796a7e6-414e-4768-bb55-78353a09c696' level='level-233d4d24-2002-4af2-91ac-fbf311228b56' xStart='932.9562' yStart='1194.3635' xEnd='932.95624' yEnd='210.10635' height='120.0' thickness='16.0' pattern='hatchUp'>
    <texture attribute='leftSideTexture' name='Muro de piedras' creator='Scopia' width='120.0' height='120.0' image='231'/>
    <texture attribute='rightSideTexture' name='Muro de piedras' creator='Scopia' width='120.0' height='120.0' image='231'/>
  </wall>
  <room id='room-35c8620e-17be-40b3-96b2-9b71a1981143' level='level-e354fa52-3de0-400f-9e5b-a5638ce2d2ea' nameYOffset='49.9375' areaVisible='true' areaYOffset='9.9375' ceilingVisible='false' ceilingColor='FFF9FFF9' ceilingFlat='true'>
    <texture attribute='floorTexture' name='Azulejos Azules' creator='eTeks' width='20.0' height='20.0' image='221'/>
    <point x='928.08124' y='586.9131'/>
    <point x='928.08124' y='404.4661'/>
    <point x='511.16907' y='403.1762'/>
    <point x='511.16907' y='586.9131'/>
  </room>
  <room id='room-e31f0bee-8e19-4ba6-a7c5-0241e2454fbf' level='level-e354fa52-3de0-400f-9e5b-a5638ce2d2ea' areaVisible='true' ceilingVisible='false' ceilingColor='FFFEFFFC' ceilingFlat='true'>
    <texture attribute='floorTexture' name='Azulejos Azules' creator='eTeks' width='20.0' height='20.0' image='221'/>
    <point x='1362.9406' y='1193.7872'/>
    <point x='1362.9406' y='999.31616'/>
    <point x='1125.8859' y='999.31616'/>
    <point x='1126.4113' y='1193.7872'/>
  </room>
  <room id='room-fb78f47a-a0d9-4ef6-a6c9-ab4e14db1d39' level='level-e354fa52-3de0-400f-9e5b-a5638ce2d2ea' areaVisible='true' ceilingVisible='false' ceilingFlat='true'>
    <texture attribute='floorTexture' name='Azulejos Azules' creator='eTeks' width='20.0' height='20.0' image='221'/>
    <point x='1047.9406' y='747.13965'/>
    <point x='1362.9406' y='747.13965'/>
    <point x='1362.9406' y='1000.78723'/>
    <point x='1047.9406' y='999.13965'/>
  </room>
  <room id='room-0939cd39-e985-46fa-998e-ef2b1b312f9f' level='level-e354fa52-3de0-400f-9e5b-a5638ce2d2ea' areaVisible='true' ceilingColor='FFFEFFFC' ceilingFlat='true'>
    <texture attribute='floorTexture' name='Azulejos Beige' creator='eTeks' catalogId='eTeks#wallBeigeTile' width='20.0' height='31.5' image='222'/>
    <point x='504.59802' y='1195.1514'/>
    <point x='904.598' y='1195.1514'/>
    <point x='904.598' y='895.15137'/>
    <point x='504.59802' y='895.1514'/>
  </room>
  <room id='room-2e47a897-5f50-4680-ba30-38b17e8801a4' level='level-e354fa52-3de0-400f-9e5b-a5638ce2d2ea' areaVisible='true' ceilingColor='FFFEFFFC' ceilingFlat='true'>
    <texture attribute='floorTexture' name='Azulejos Beige' creator='eTeks' catalogId='eTeks#wallBeigeTile' width='20.0' height='31.5' image='222'/>
    <point x='504.54138' y='894.9675'/>
    <point x='904.5414' y='894.9675'/>
    <point x='904.5414' y='594.9673'/>
    <point x='504.54138' y='594.96735'/>
  </room>
  <room id='room-228b51d9-c870-4e57-bddd-9b7624765569' level='level-e354fa52-3de0-400f-9e5b-a5638ce2d2ea' areaVisible='true' ceilingColor='FFFFFDF9' ceilingFlat='true'>
    <texture attribute='floorTexture' name='Azulejos Beige' creator='eTeks' catalogId='eTeks#wallBeigeTile' width='20.0' height='31.5' image='222'/>
    <point x='505.12213' y='8.706329'/>
    <point x='506.11597' y='394.78275'/>
    <point x='927.2349' y='394.78275'/>
    <point x='927.2349' y='394.78275'/>
    <point x='927.2349' y='394.78275'/>
    <point x='927.2349' y='9.363533'/>
  </room>
  <room id='room-138c7bb2-f7e4-4dad-9bc6-6de7f688500a' level='level-e354fa52-3de0-400f-9e5b-a5638ce2d2ea' areaVisible='true' floorVisible='false' ceilingFlat='true'>
    <texture attribute='floorTexture' name='Álamo' creator='Emmanuel Puybaret' width='40.0' height='80.0' image='223'/>
    <point x='946.6869' y='1.3635103'/>
    <point x='946.6869' y='216.643'/>
    <point x='1206.9738' y='216.643'/>
    <point x='1206.9738' y='1.363533'/>
  </room>
  <room id='room-e180949a-8700-45f4-87a1-2f6e931f825c' level='level-e354fa52-3de0-400f-9e5b-a5638ce2d2ea' areaVisible='true' ceilingFlat='true'>
    <texture attribute='floorTexture' name='Azulejos Azul Oscuro' creator='eTeks' catalogId='eTeks#darkBlueTile' width='33.5' height='33.5' image='224'/>
    <point x='1371.3359' y='740.3635'/>
    <point x='1362.9406' y='1193.7874'/>
    <point x='1744.598' y='1195.1514'/>
    <point x='1744.598' y='747.13965'/>
  </room>
  <room id='room-5c90bc61-7774-445f-ae98-505fe993b84a' level='level-e354fa52-3de0-400f-9e5b-a5638ce2d2ea' areaVisible='true' ceilingColor='FFF9FFF9' ceilingFlat='true'>
    <texture attribute='floorTexture' name='Azulejos Beige' creator='eTeks' catalogId='eTeks#wallBeigeTile' width='20.0' height='31.5' image='222'/>
    <point x='1035.4948' y='1184.7192'/>
    <point x='1035.4948' y='999.1152'/>
    <point x='1125.46' y='998.68994'/>
    <point x='1125.46' y='1184.7192'/>
  </room>
  <room id='room-fa1ceeac-0cc4-4bb3-8e56-95258ca4b1c8' level='level-e354fa52-3de0-400f-9e5b-a5638ce2d2ea' areaVisible='true' ceilingColor='FFFEFFFC' ceilingFlat='true'>
    <texture attribute='floorTexture' name='Álamo' creator='Emmanuel Puybaret' width='40.0' height='80.0' image='223'/>
    <point x='910.59796' y='1186.3636'/>
    <point x='910.59796' y='754.81055'/>
    <point x='972.59796' y='754.81055'/>
    <point x='1035.4948' y='754.81055'/>
    <point x='1035.4948' y='1000.75946'/>
    <point x='1035.4948' y='1186.3636'/>
  </room>
  <room id='room-8f7910bd-8eb2-4ee2-8961-de2d77b4db31' level='level-e354fa52-3de0-400f-9e5b-a5638ce2d2ea' areaVisible='true' ceilingVisible='false' ceilingFlat='true'>
    <texture attribute='floorTexture' name='Hierba' creator='eTeks' catalogId='eTeks#grass' width='30.0' height='30.0' image='225'/>
    <point x='495.169' y='1.3635254'/>
    <point x='495.16895' y='1202.3636'/>
    <point x='-197.9043' y='1202.3636'/>
    <point x='-197.9043' y='1202.3636'/>
    <point x='-204.831' y='-593.6365'/>
    <point x='495.169' y='-582.4559'/>
  </room>
  <room id='room-f26745cc-ae04-4560-af57-aefe65c0dbd5' level='level-e354fa52-3de0-400f-9e5b-a5638ce2d2ea' areaVisible='true' ceilingVisible='false' ceilingFlat='true'>
    <texture attribute='floorTexture' name='Hierba' creator='eTeks' catalogId='eTeks#grass' width='30.0' height='30.0' image='225'/>
    <texture attribute='ceilingTexture' name='Madera gris sobrepuesta' creator='Scopia' catalogId='eTeksScopia#overlapping-white-wood' width='180.0' height='180.0' image='226'/>
    <point x='496.78278' y='-1.8638306'/>
    <point x='1752.169' y='2.3635254'/>
    <point x='1752.169' y='-582.4559'/>
    <point x='495.169' y='-582.4559'/>
  </room>
  <room id='room-1ece2eec-42ef-4be0-8f0e-0a7afaf8f269' level='level-e354fa52-3de0-400f-9e5b-a5638ce2d2ea' areaVisible='true' ceilingVisible='false' ceilingFlat='true'>
    <texture attribute='floorTexture' name='Hierba' creator='eTeks' catalogId='eTeks#grass' width='30.0' height='30.0' image='225'/>
    <point x='1752.169' y='1970.5442'/>
    <point x='1752.169' y='-582.4559'/>
    <point x='2207.169' y='-582.4559'/>
    <point x='2207.169' y='1970.5442'/>
  </room>
  <room id='room-7e225120-e0d9-45f0-bf1e-eef245e675cf' level='level-e354fa52-3de0-400f-9e5b-a5638ce2d2ea' areaVisible='true' ceilingVisible='false' ceilingFlat='true'>
    <texture attribute='floorTexture' name='Hierba' creator='eTeks' catalogId='eTeks#grass' width='30.0' height='30.0' image='225'/>
    <point x='495.16907' y='1202.3636'/>
    <point x='495.16904' y='1981.3635'/>
    <point x='1752.169' y='1970.5442'/>
    <point x='1752.169' y='1202.3635'/>
  </room>
  <room id='room-d73a585f-9af5-4523-9193-35bcb6fb1719' level='level-e354fa52-3de0-400f-9e5b-a5638ce2d2ea' areaVisible='true' ceilingColor='FFFDFFFC' ceilingFlat='true'>
    <texture attribute='floorTexture' name='Álamo' creator='Emmanuel Puybaret' width='40.0' height='80.0' image='223'/>
    <point x='943.6299' y='403.15143'/>
    <point x='943.6299' y='597.7548'/>
    <point x='910.59796' y='597.7548'/>
    <point x='911.6953' y='738.33057'/>
    <point x='1744.5981' y='746.65967'/>
    <point x='1744.5981' y='16.883553'/>
    <point x='1203.5981' y='16.883553'/>
    <point x='1203.5981' y='216.643'/>
    <point x='943.6299' y='216.16306'/>
  </room>
  <room id='room-676a6f2d-1992-40a7-ae10-d908c0eefaa4' level='level-b9462cd9-2755-41cc-9dfd-78e4782cf170' areaVisible='true' ceilingColor='FFFFFFFF' ceilingFlat='true'>
    <texture attribute='floorTexture' name='Álamo' creator='Emmanuel Puybaret' width='40.0' height='80.0' image='223'/>
    <point x='1009.59796' y='287.50592'/>
    <point x='1009.5979' y='1186.3635'/>
    <point x='1736.1691' y='1186.3635'/>
    <point x='1736.1691' y='17.363533'/>
    <point x='1206.9738' y='17.363579'/>
    <point x='1206.9738' y='287.5059'/>
  </room>
  <room id='room-23ebd0e3-c467-457e-9feb-31461f40b600' level='level-b9462cd9-2755-41cc-9dfd-78e4782cf170' areaVisible='true' ceilingVisible='false' ceilingFlat='true'>
    <texture attribute='floorTexture' name='Álamo' creator='Emmanuel Puybaret' width='40.0' height='80.0' image='223'/>
    <point x='1009.59796' y='17.363533'/>
    <point x='1009.59796' y='287.50592'/>
    <point x='1206.9738' y='287.5059'/>
    <point x='1206.9738' y='17.363485'/>
  </room>
  <room id='room-01060110-a719-4669-8501-e7a90d7396a3' level='level-e354fa52-3de0-400f-9e5b-a5638ce2d2ea' areaVisible='true' ceilingFlat='true'>
    <texture attribute='floorTexture' name='Suelo de pizarra azulada' creator='Scopia' catalogId='eTeksScopia#floor-slates' width='100.0' height='100.0' image='228'/>
    <texture attribute='ceilingTexture' name='Metal gris' creator='Scopia' catalogId='eTeksScopia#gray-metal-floor' width='100.0' height='100.0' image='227'/>
    <point x='495.16895' y='1200.3397'/>
    <point x='-197.9043' y='1200.3397'/>
    <point x='-197.90433' y='1961.648'/>
    <point x='495.16904' y='1961.648'/>
    <point x='495.16904' y='1803.648'/>
    <point x='495.16904' y='1720.648'/>
  </room>
  <room id='room-d116e2c4-7191-416c-a8d7-1784c522d398' level='level-233d4d24-2002-4af2-91ac-fbf311228b56' areaVisible='true' ceilingVisible='false' ceilingFlat='true'>
    <point x='927.2349' y='9.363533'/>
    <point x='927.23486' y='1194.3636'/>
    <point x='504.59802' y='1195.1514'/>
    <point x='504.59796' y='8.706329'/>
    <point x='722.59796' y='8.706329'/>
  </room>
  <room id='room-63fb516f-155a-410e-aeeb-a75d5df62e21' level='level-9dade3ab-c584-427a-90ac-4315215186ef' areaVisible='true' ceilingVisible='false' ceilingFlat='true'>
    <point x='722.59796' y='8.706329'/>
    <point x='504.59796' y='8.706329'/>
    <point x='504.59802' y='1195.1514'/>
    <point x='927.23486' y='1194.3636'/>
    <point x='927.2349' y='9.363533'/>
  </room>
  <room id='room-3f2f26e6-644b-418a-8a70-5b3a518dca97' level='level-233d4d24-2002-4af2-91ac-fbf311228b56' areaVisible='true' ceilingVisible='false' ceilingFlat='true'>
    <texture attribute='floorTexture' name='Azulejos terrazo marrón' creator='Scopia' catalogId='eTeksScopia#brown-terrazzo-floor-tiles' width='120.0' height='120.0' image='229'/>
    <point x='1203.5981' y='16.883553'/>
    <point x='1744.5981' y='16.883553'/>
    <point x='1744.5981' y='1186.3636'/>
    <point x='927.23486' y='1186.3638'/>
    <point x='927.2348' y='216.16306'/>
    <point x='1206.9738' y='216.16306'/>
    <point x='1206.9738' y='112.163055'/>
  </room>
  <room id='room-a24a42d3-fd03-459b-9636-f45acf792e4f' level='level-233d4d24-2002-4af2-91ac-fbf311228b56' areaVisible='true' floorVisible='false' ceilingColor='FFFDFFFC' ceilingFlat='true'>
    <point x='943.2349' y='15.378344'/>
    <point x='943.2349' y='202.92505'/>
    <point x='1206.9738' y='202.92505'/>
    <point x='1203.5981' y='16.883553'/>
    <point x='1051.4948' y='16.883566'/>
  </room>
  <room id='room-11883aed-9b7e-44ed-a223-1631517189d5' level='level-9dade3ab-c584-427a-90ac-4315215186ef' areaVisible='true' ceilingVisible='false' ceilingFlat='true'>
    <point x='927.2349' y='9.363533'/>
    <point x='924.95624' y='210.10635'/>
    <point x='1362.2349' y='210.10635'/>
    <point x='1362.2349' y='1.4020824'/>
    <point x='927.2349' y='-0.6991286'/>
  </room>
</home>